EmployeeID,FirstName,LastName,Email,Department,JobTitle,Location,Latitude,Longitude,RiskScore,DeviceCompliant,MFARegistered,AccountStatus,HIBPExposed,HIBPBreachCount,HireDate,CreatedDate
MZ0001,Kudzai,Chikwanda,kudzai.chikwanda1@micrlabs.onmicrosoft.com,Clinical,Doctor,Harare,-17.8652,31.0124,7,True,True,Active,False,0,2022-07-26,2026-03-28T17:51:09.844643
MZ0002,Tinashe,Phiri,tinashe.phiri2@micrlabs.onmicrosoft.com,Clinical,Doctor,Bulawayo,-20.1264,28.648,18,True,True,Active,False,0,2022-03-21,2026-03-28T17:51:09.844711
MZ0003,Kudzai,Zimba,kudzai.zimba3@micrlabs.onmicrosoft.com,Clinical,Doctor,Harare,-17.8637,31.0979,15,True,True,Active,False,0,2024-11-10,2026-03-28T17:51:09.844758
MZ0004,Thandi,Nkomo,thandi.nkomo4@micrlabs.onmicrosoft.com,Clinical,Lab Technician,Harare,-17.8333,31.0147,17,True,True,Active,False,0,2025-07-14,2026-03-28T17:51:09.844799
MZ0005,Kudzai,Ncube,kudzai.ncube5@micrlabs.onmicrosoft.com,Clinical,Lab Technician,Harare,-17.8564,31.0311,7,False,False,Active,False,0,2022-12-11,2026-03-28T17:51:09.844841
MZ0006,Nompilo,Chirwa,nompilo.chirwa6@micrlabs.onmicrosoft.com,Clinical,Radiologist,Gweru,-19.4837,29.8022,13,False,True,Active,False,0,2023-07-24,2026-03-28T17:51:09.844877
MZ0007,Simba,Tembo,simba.tembo7@micrlabs.onmicrosoft.com,Clinical,Doctor,Harare,-17.833,31.0292,12,True,True,Active,False,0,2025-10-19,2026-03-28T17:51:09.844911
MZ0008,Tatenda,Nkomo,tatenda.nkomo8@micrlabs.onmicrosoft.com,Clinical,Doctor,Harare,-17.8524,31.0233,15,True,True,Active,False,0,2025-10-25,2026-03-28T17:51:09.844944
MZ0009,Rudo,Dube,rudo.dube9@micrlabs.onmicrosoft.com,Clinical,Radiologist,Harare,-17.8231,31.0285,18,False,True,Active,False,0,2025-11-28,2026-03-28T17:51:09.844975
MZ0010,Simba,Banda,simba.banda10@micrlabs.onmicrosoft.com,Clinical,Nurse,Harare,-17.8745,31.0132,10,False,True,Active,False,0,2023-01-12,2026-03-28T17:51:09.845007
MZ0011,Sifiso,Sithole,sifiso.sithole11@micrlabs.onmicrosoft.com,Clinical,Doctor,Masvingo,-20.0715,30.8799,5,True,True,Active,False,0,2024-07-25,2026-03-28T17:51:09.845038
MZ0012,Sibusiso,Chikwanda,sibusiso.chikwanda12@micrlabs.onmicrosoft.com,Clinical,Lab Technician,Harare,-17.8338,31.0976,13,False,True,Active,False,0,2024-09-02,2026-03-28T17:51:09.845071
MZ0013,Zanele,Sithole,zanele.sithole13@micrlabs.onmicrosoft.com,Clinical,Doctor,Harare,-17.8418,31.0184,5,True,True,Active,False,0,2024-01-23,2026-03-28T17:51:09.845103
MZ0014,Thandi,Mpofu,thandi.mpofu14@micrlabs.onmicrosoft.com,Clinical,Doctor,Harare,-17.7914,31.0969,7,False,True,Active,False,0,2021-12-29,2026-03-28T17:51:09.845134
MZ0015,Tendai,Banda,tendai.banda15@micrlabs.onmicrosoft.com,Clinical,Nurse,Masvingo,-20.1079,30.8356,18,False,False,Active,False,0,2023-12-27,2026-03-28T17:51:09.845165
MZ0016,Sifiso,Chirwa,sifiso.chirwa16@micrlabs.onmicrosoft.com,Clinical,Nurse,Bulawayo,-20.1387,28.6282,8,True,True,Active,False,0,2025-03-17,2026-03-28T17:51:09.845195
MZ0017,Tsitsi,Mpofu,tsitsi.mpofu17@micrlabs.onmicrosoft.com,Clinical,Doctor,Harare,-17.8084,31.0081,7,False,False,Active,False,0,2024-08-31,2026-03-28T17:51:09.845224
MZ0018,Rudo,Chirwa,rudo.chirwa18@micrlabs.onmicrosoft.com,Clinical,Doctor,Harare,-17.8253,31.0745,20,True,True,Active,False,0,2022-10-06,2026-03-28T17:51:09.845256
MZ0019,Chiedza,Ncube,chiedza.ncube19@micrlabs.onmicrosoft.com,Clinical,Radiologist,Bulawayo,-20.1471,28.6175,6,True,False,Active,False,0,2024-04-06,2026-03-28T17:51:09.845288
MZ0020,Munyaradzi,Tembo,munyaradzi.tembo20@micrlabs.onmicrosoft.com,Clinical,Doctor,Harare,-17.793,31.0271,11,True,True,Active,False,0,2024-12-04,2026-03-28T17:51:09.845318
MZ0021,Nompilo,Mpofu,nompilo.mpofu21@micrlabs.onmicrosoft.com,Clinical,Nurse,Gweru,-19.4925,29.8475,8,True,False,Active,False,0,2022-03-09,2026-03-28T17:51:09.845349
MZ0022,Tinashe,Dube,tinashe.dube22@micrlabs.onmicrosoft.com,Clinical,Doctor,Harare,-17.8311,31.0887,6,True,True,Active,False,0,2022-05-10,2026-03-28T17:51:09.845378
MZ0023,Nompilo,Chikwanda,nompilo.chikwanda23@micrlabs.onmicrosoft.com,Clinical,Radiologist,Harare,-17.7835,31.1017,20,True,True,Active,False,0,2025-10-12,2026-03-28T17:51:09.845406
MZ0024,Kudzai,Mutasa,kudzai.mutasa24@micrlabs.onmicrosoft.com,Clinical,Doctor,Harare,-17.8208,31.0525,10,True,True,Active,False,0,2024-03-13,2026-03-28T17:51:09.845436
MZ0025,Tsitsi,Ncube,tsitsi.ncube25@micrlabs.onmicrosoft.com,Clinical,Nurse,Bulawayo,-20.159,28.5884,12,True,True,Active,False,0,2022-12-08,2026-03-28T17:51:09.845465
MZ0026,Zanele,Mutasa,zanele.mutasa26@micrlabs.onmicrosoft.com,Clinical,Doctor,Masvingo,-20.104,30.8544,12,True,True,Active,False,0,2024-09-24,2026-03-28T17:51:09.845496
MZ0027,Lungelo,Gumbo,lungelo.gumbo27@micrlabs.onmicrosoft.com,Clinical,Lab Technician,Mutare,-19.0134,32.6667,8,True,True,Active,False,0,2023-04-17,2026-03-28T17:51:09.845601
MZ0028,Takudzwa,Gumbo,takudzwa.gumbo28@micrlabs.onmicrosoft.com,Clinical,Lab Technician,Harare,-17.8548,31.0307,19,False,True,Active,False,0,2025-09-27,2026-03-28T17:51:09.845658
MZ0029,Sibusiso,Gumbo,sibusiso.gumbo29@micrlabs.onmicrosoft.com,Clinical,Doctor,Harare,-17.8677,31.0129,9,True,True,Active,False,0,2023-04-27,2026-03-28T17:51:09.845694
MZ0030,Tendai,Chirwa,tendai.chirwa30@micrlabs.onmicrosoft.com,Clinical,Lab Technician,Gweru,-19.4495,29.7918,6,True,True,Active,False,0,2022-03-09,2026-03-28T17:51:09.845728
MZ0031,Tatenda,Mutasa,tatenda.mutasa31@micrlabs.onmicrosoft.com,Clinical,Lab Technician,Mutare,-18.957,32.6471,19,True,True,Active,False,0,2024-04-01,2026-03-28T17:51:09.845760
MZ0032,Chiedza,Gumbo,chiedza.gumbo32@micrlabs.onmicrosoft.com,Clinical,Doctor,Bulawayo,-20.1676,28.58,16,True,True,Active,False,0,2022-06-16,2026-03-28T17:51:09.845791
MZ0033,Rudo,Mutasa,rudo.mutasa33@micrlabs.onmicrosoft.com,Clinical,Nurse,Gweru,-19.4204,29.8528,16,True,True,Active,False,0,2024-12-27,2026-03-28T17:51:09.845821
MZ0034,Zanele,Gumbo,zanele.gumbo34@micrlabs.onmicrosoft.com,Clinical,Doctor,Gweru,-19.4026,29.8416,12,False,False,Active,False,0,2023-10-21,2026-03-28T17:51:09.845850
MZ0035,Nkosi,Dube,nkosi.dube35@micrlabs.onmicrosoft.com,Clinical,Nurse,Mutare,-18.9875,32.714,12,True,True,Active,False,0,2022-08-06,2026-03-28T17:51:09.845879
MZ0036,Nkosi,Mhlanga,nkosi.mhlanga36@micrlabs.onmicrosoft.com,Clinical,Doctor,Harare,-17.8592,31.094,16,True,True,Active,False,0,2022-12-11,2026-03-28T17:51:09.845909
MZ0037,Tatenda,Chirwa,tatenda.chirwa37@micrlabs.onmicrosoft.com,Clinical,Nurse,Harare,-17.8464,31.0886,13,True,True,Active,False,0,2024-01-19,2026-03-28T17:51:09.845938
MZ0038,Chiedza,Gumbo,chiedza.gumbo38@micrlabs.onmicrosoft.com,Clinical,Lab Technician,Masvingo,-20.1065,30.8791,13,True,True,Active,False,0,2023-12-29,2026-03-28T17:51:09.845979
MZ0039,Sifiso,Sithole,sifiso.sithole39@micrlabs.onmicrosoft.com,Clinical,Lab Technician,Masvingo,-20.1128,30.8728,11,True,True,Active,False,0,2025-07-12,2026-03-28T17:51:09.846011
MZ0040,Takudzwa,Zimba,takudzwa.zimba40@micrlabs.onmicrosoft.com,Clinical,Doctor,Harare,-17.8128,31.0352,15,True,True,Active,False,0,2021-06-20,2026-03-28T17:51:09.846044
MZ0041,Sifiso,Mutasa,sifiso.mutasa41@micrlabs.onmicrosoft.com,Clinical,Lab Technician,Harare,-17.8496,31.0149,18,True,True,Active,False,0,2024-08-22,2026-03-28T17:51:09.846076
MZ0042,Sifiso,Phiri,sifiso.phiri42@micrlabs.onmicrosoft.com,Clinical,Nurse,Gweru,-19.4696,29.7877,15,True,True,Active,False,0,2021-09-23,2026-03-28T17:51:09.846108
MZ0043,Nomvula,Chirwa,nomvula.chirwa43@micrlabs.onmicrosoft.com,Clinical,Nurse,Harare,-17.8277,31.0655,15,True,False,Active,False,0,2022-03-19,2026-03-28T17:51:09.846139
MZ0044,Bongani,Nkomo,bongani.nkomo44@micrlabs.onmicrosoft.com,Clinical,Nurse,Harare,-17.8768,31.0267,20,True,True,Active,False,0,2021-06-28,2026-03-28T17:51:09.846171
MZ0045,Bongani,Tembo,bongani.tembo45@micrlabs.onmicrosoft.com,Clinical,Radiologist,Bulawayo,-20.1331,28.6008,5,False,False,Active,False,0,2022-08-10,2026-03-28T17:51:09.846200
MZ0046,Bongani,Dube,bongani.dube46@micrlabs.onmicrosoft.com,Clinical,Doctor,Gweru,-19.4304,29.8132,12,False,True,Active,False,0,2021-05-06,2026-03-28T17:51:09.846230
MZ0047,Zanele,Phiri,zanele.phiri47@micrlabs.onmicrosoft.com,Clinical,Nurse,Bulawayo,-20.0875,28.6655,18,False,True,Active,False,0,2024-01-17,2026-03-28T17:51:09.846259
MZ0048,Nompilo,Chikwanda,nompilo.chikwanda48@micrlabs.onmicrosoft.com,Clinical,Nurse,Mutare,-18.9367,32.6486,20,True,True,Active,False,0,2025-11-27,2026-03-28T17:51:09.846288
MZ0049,Bongani,Chikwanda,bongani.chikwanda49@micrlabs.onmicrosoft.com,Clinical,Doctor,Harare,-17.7899,31.0103,9,True,True,Active,False,0,2021-10-03,2026-03-28T17:51:09.846317
MZ0050,Munyaradzi,Zimba,munyaradzi.zimba50@micrlabs.onmicrosoft.com,Clinical,Nurse,Harare,-17.8326,31.0084,18,True,True,Active,False,0,2024-10-06,2026-03-28T17:51:09.846347
MZ0051,Nompilo,Moyo,nompilo.moyo51@micrlabs.onmicrosoft.com,Clinical,Doctor,Masvingo,-20.0945,30.8218,18,True,True,Active,False,0,2024-02-28,2026-03-28T17:51:09.846377
MZ0052,Bongani,Chikwanda,bongani.chikwanda52@micrlabs.onmicrosoft.com,Clinical,Nurse,Harare,-17.8763,31.0358,17,False,True,Active,False,0,2021-11-16,2026-03-28T17:51:09.846406
MZ0053,Munyaradzi,Sithole,munyaradzi.sithole53@micrlabs.onmicrosoft.com,Clinical,Nurse,Bulawayo,-20.1798,28.6407,9,False,True,Active,False,0,2025-06-02,2026-03-28T17:51:09.846436
MZ0054,Lungelo,Mpofu,lungelo.mpofu54@micrlabs.onmicrosoft.com,Clinical,Lab Technician,Harare,-17.8454,31.0902,13,False,True,Active,False,0,2024-02-14,2026-03-28T17:51:09.846468
MZ0055,Nyasha,Moyo,nyasha.moyo55@micrlabs.onmicrosoft.com,Clinical,Lab Technician,Mutare,-19.0155,32.7161,12,True,True,Active,False,0,2023-11-05,2026-03-28T17:51:09.846498
MZ0056,Tinashe,Mpofu,tinashe.mpofu56@micrlabs.onmicrosoft.com,Clinical,Doctor,Gweru,-19.4379,29.7906,20,True,True,Active,False,0,2024-08-28,2026-03-28T17:51:09.846541
MZ0057,Thandi,Nkomo,thandi.nkomo57@micrlabs.onmicrosoft.com,Clinical,Nurse,Harare,-17.8186,31.0986,8,False,True,Active,False,0,2025-03-19,2026-03-28T17:51:09.846573
MZ0058,Tsitsi,Moyo,tsitsi.moyo58@micrlabs.onmicrosoft.com,Clinical,Lab Technician,Masvingo,-20.0668,30.8736,17,True,True,Active,False,0,2025-07-10,2026-03-28T17:51:09.846606
MZ0059,Chiedza,Tembo,chiedza.tembo59@micrlabs.onmicrosoft.com,Clinical,Doctor,Mutare,-18.9357,32.6809,8,False,True,Active,False,0,2026-02-19,2026-03-28T17:51:09.846638
MZ0060,Zanele,Zimba,zanele.zimba60@micrlabs.onmicrosoft.com,Clinical,Doctor,Bulawayo,-20.1756,28.6412,5,False,True,Active,False,0,2021-12-14,2026-03-28T17:51:09.846670
MZ0061,Lungelo,Chirwa,lungelo.chirwa61@micrlabs.onmicrosoft.com,Clinical,Doctor,Gweru,-19.454,29.782,10,False,False,Active,False,0,2025-12-21,2026-03-28T17:51:09.846701
MZ0062,Nompilo,Zimba,nompilo.zimba62@micrlabs.onmicrosoft.com,Clinical,Lab Technician,Gweru,-19.4408,29.7989,12,False,True,Active,False,0,2025-12-07,2026-03-28T17:51:09.846731
MZ0063,Nyasha,Sithole,nyasha.sithole63@micrlabs.onmicrosoft.com,Clinical,Radiologist,Bulawayo,-20.1446,28.5793,15,True,True,Active,False,0,2022-10-17,2026-03-28T17:51:09.846762
MZ0064,Thandi,Gumbo,thandi.gumbo64@micrlabs.onmicrosoft.com,Clinical,Lab Technician,Bulawayo,-20.0945,28.632,11,True,True,Active,False,0,2024-03-06,2026-03-28T17:51:09.846793
MZ0065,Kudzai,Banda,kudzai.banda65@micrlabs.onmicrosoft.com,Clinical,Radiologist,Bulawayo,-20.1334,28.6557,7,True,True,Active,False,0,2024-09-13,2026-03-28T17:51:09.846823
MZ0066,Lungelo,Banda,lungelo.banda66@micrlabs.onmicrosoft.com,Clinical,Nurse,Bulawayo,-20.1481,28.6761,15,True,True,Active,False,0,2023-11-19,2026-03-28T17:51:09.846852
MZ0067,Bongani,Ncube,bongani.ncube67@micrlabs.onmicrosoft.com,Clinical,Lab Technician,Mutare,-18.9891,32.6952,10,True,True,Active,False,0,2025-02-12,2026-03-28T17:51:09.846883
MZ0068,Sibusiso,Mhlanga,sibusiso.mhlanga68@micrlabs.onmicrosoft.com,Clinical,Lab Technician,Harare,-17.8565,31.0201,5,False,True,Active,False,0,2025-09-15,2026-03-28T17:51:09.846913
MZ0069,Simba,Chikwanda,simba.chikwanda69@micrlabs.onmicrosoft.com,Clinical,Doctor,Bulawayo,-20.1699,28.6632,20,True,True,Active,False,0,2023-11-18,2026-03-28T17:51:09.846943
MZ0070,Nompilo,Banda,nompilo.banda70@micrlabs.onmicrosoft.com,Clinical,Lab Technician,Harare,-17.7827,31.0274,20,True,True,Active,False,0,2022-11-13,2026-03-28T17:51:09.846973
MZ0071,Tsitsi,Chirwa,tsitsi.chirwa71@micrlabs.onmicrosoft.com,Clinical,Radiologist,Bulawayo,-20.1673,28.6575,14,True,True,Active,False,0,2023-12-20,2026-03-28T17:51:09.847003
MZ0072,Simba,Zimba,simba.zimba72@micrlabs.onmicrosoft.com,Clinical,Radiologist,Harare,-17.8349,31.0882,18,True,True,Active,False,0,2025-07-27,2026-03-28T17:51:09.847033
MZ0073,Tendai,Mpofu,tendai.mpofu73@micrlabs.onmicrosoft.com,Clinical,Doctor,Harare,-17.8711,31.0262,7,True,True,Active,False,0,2023-02-23,2026-03-28T17:51:09.847064
MZ0074,Nkosi,Mpofu,nkosi.mpofu74@micrlabs.onmicrosoft.com,Clinical,Radiologist,Harare,-17.8509,31.0882,7,True,False,Active,False,0,2023-09-05,2026-03-28T17:51:09.847098
MZ0075,Sibusiso,Phiri,sibusiso.phiri75@micrlabs.onmicrosoft.com,Clinical,Nurse,Harare,-17.8643,31.0288,9,True,True,Active,False,0,2025-10-18,2026-03-28T17:51:09.847128
MZ0076,Nompilo,Ncube,nompilo.ncube76@micrlabs.onmicrosoft.com,Clinical,Lab Technician,Harare,-17.8488,31.0425,13,True,True,Active,False,0,2025-07-21,2026-03-28T17:51:09.847158
MZ0077,Munyaradzi,Tembo,munyaradzi.tembo77@micrlabs.onmicrosoft.com,Clinical,Doctor,Harare,-17.8542,31.0113,5,False,True,Active,False,0,2024-06-19,2026-03-28T17:51:09.847188
MZ0078,Farai,Banda,farai.banda78@micrlabs.onmicrosoft.com,Clinical,Lab Technician,Bulawayo,-20.1383,28.6042,18,True,True,Active,False,0,2024-01-29,2026-03-28T17:51:09.847220
MZ0079,Lungelo,Zimba,lungelo.zimba79@micrlabs.onmicrosoft.com,Clinical,Doctor,Harare,-17.8122,31.088,15,True,True,Active,False,0,2024-08-03,2026-03-28T17:51:09.847250
MZ0080,Nyasha,Ncube,nyasha.ncube80@micrlabs.onmicrosoft.com,Clinical,Radiologist,Harare,-17.8469,31.0992,17,False,True,Active,False,0,2025-10-03,2026-03-28T17:51:09.847280
MZ0081,Sifiso,Moyo,sifiso.moyo81@micrlabs.onmicrosoft.com,Clinical,Doctor,Harare,-17.843,31.0778,19,False,True,Active,False,0,2023-02-12,2026-03-28T17:51:09.847310
MZ0082,Nompilo,Gumbo,nompilo.gumbo82@micrlabs.onmicrosoft.com,Clinical,Nurse,Bulawayo,-20.1704,28.6737,12,False,True,Active,False,0,2024-01-13,2026-03-28T17:51:09.847342
MZ0083,Sibusiso,Mpofu,sibusiso.mpofu83@micrlabs.onmicrosoft.com,Clinical,Doctor,Masvingo,-20.0331,30.8289,8,True,True,Active,False,0,2025-09-24,2026-03-28T17:51:09.847371
MZ0084,Sifiso,Mhlanga,sifiso.mhlanga84@micrlabs.onmicrosoft.com,Clinical,Lab Technician,Harare,-17.832,31.0479,9,True,False,Active,False,0,2024-04-12,2026-03-28T17:51:09.847403
MZ0085,Rudo,Nkomo,rudo.nkomo85@micrlabs.onmicrosoft.com,Clinical,Nurse,Mutare,-18.9792,32.7143,13,False,True,Active,False,0,2021-09-30,2026-03-28T17:51:09.847432
MZ0086,Nomvula,Banda,nomvula.banda86@micrlabs.onmicrosoft.com,Clinical,Lab Technician,Bulawayo,-20.148,28.6316,17,True,True,Active,False,0,2022-12-19,2026-03-28T17:51:09.847462
MZ0087,Tsitsi,Zimba,tsitsi.zimba87@micrlabs.onmicrosoft.com,Clinical,Nurse,Harare,-17.8016,31.0066,20,False,True,Active,False,0,2023-04-23,2026-03-28T17:51:09.847493
MZ0088,Nyasha,Moyo,nyasha.moyo88@micrlabs.onmicrosoft.com,Clinical,Radiologist,Harare,-17.7827,31.0354,8,False,True,Active,False,0,2024-08-18,2026-03-28T17:51:09.847552
MZ0089,Kudzai,Dube,kudzai.dube89@micrlabs.onmicrosoft.com,Clinical,Radiologist,Harare,-17.8137,31.0176,20,False,True,Active,False,0,2022-07-09,2026-03-28T17:51:09.847606
MZ0090,Takudzwa,Mhlanga,takudzwa.mhlanga90@micrlabs.onmicrosoft.com,Clinical,Radiologist,Bulawayo,-20.1291,28.6718,20,False,True,Active,False,0,2024-07-28,2026-03-28T17:51:09.847658
MZ0091,Tendai,Chirwa,tendai.chirwa91@micrlabs.onmicrosoft.com,Clinical,Doctor,Masvingo,-20.0247,30.8575,18,False,True,Active,False,0,2023-12-13,2026-03-28T17:51:09.847691
MZ0092,Nomvula,Tembo,nomvula.tembo92@micrlabs.onmicrosoft.com,Clinical,Doctor,Harare,-17.8763,31.0346,6,True,True,Active,False,0,2022-03-12,2026-03-28T17:51:09.847722
MZ0093,Simba,Zimba,simba.zimba93@micrlabs.onmicrosoft.com,Clinical,Nurse,Bulawayo,-20.1032,28.5934,7,True,True,Active,False,0,2023-06-28,2026-03-28T17:51:09.847752
MZ0094,Nomvula,Mpofu,nomvula.mpofu94@micrlabs.onmicrosoft.com,Clinical,Nurse,Harare,-17.8538,31.0277,5,False,True,Active,False,0,2023-03-31,2026-03-28T17:51:09.847787
MZ0095,Chiedza,Banda,chiedza.banda95@micrlabs.onmicrosoft.com,Clinical,Lab Technician,Masvingo,-20.0256,30.8127,18,True,True,Active,False,0,2024-09-02,2026-03-28T17:51:09.847818
MZ0096,Munyaradzi,Mhlanga,munyaradzi.mhlanga96@micrlabs.onmicrosoft.com,Clinical,Lab Technician,Harare,-17.8555,31.0594,14,False,True,Active,False,0,2025-01-14,2026-03-28T17:51:09.847848
MZ0097,Nkosi,Sithole,nkosi.sithole97@micrlabs.onmicrosoft.com,Clinical,Radiologist,Gweru,-19.4222,29.8641,20,False,False,Active,False,0,2024-02-22,2026-03-28T17:51:09.847880
MZ0098,Bongani,Chirwa,bongani.chirwa98@micrlabs.onmicrosoft.com,Clinical,Nurse,Harare,-17.8541,31.0778,9,True,False,Active,False,0,2023-11-09,2026-03-28T17:51:09.847909
MZ0099,Nompilo,Moyo,nompilo.moyo99@micrlabs.onmicrosoft.com,Clinical,Doctor,Bulawayo,-20.1093,28.5854,14,True,True,Active,False,0,2021-09-29,2026-03-28T17:51:09.847940
MZ0100,Simba,Gumbo,simba.gumbo100@micrlabs.onmicrosoft.com,Clinical,Nurse,Masvingo,-20.0713,30.8741,10,True,True,Active,False,0,2023-12-26,2026-03-28T17:51:09.847970
MZ0101,Lungelo,Nkomo,lungelo.nkomo101@micrlabs.onmicrosoft.com,Clinical,Radiologist,Harare,-17.7829,31.0163,12,False,True,Active,False,0,2021-10-17,2026-03-28T17:51:09.848000
MZ0102,Sibusiso,Nkomo,sibusiso.nkomo102@micrlabs.onmicrosoft.com,Clinical,Radiologist,Harare,-17.8528,31.0146,16,True,True,Active,False,0,2023-04-30,2026-03-28T17:51:09.848030
MZ0103,Sibusiso,Chirwa,sibusiso.chirwa103@micrlabs.onmicrosoft.com,Clinical,Radiologist,Harare,-17.8767,31.0906,15,False,True,Active,False,0,2025-10-22,2026-03-28T17:51:09.848059
MZ0104,Thandi,Chirwa,thandi.chirwa104@micrlabs.onmicrosoft.com,Clinical,Doctor,Harare,-17.8652,31.0968,14,False,True,Active,False,0,2022-05-15,2026-03-28T17:51:09.848090
MZ0105,Munyaradzi,Banda,munyaradzi.banda105@micrlabs.onmicrosoft.com,Clinical,Nurse,Harare,-17.7843,31.0718,18,True,True,Active,False,0,2023-01-31,2026-03-28T17:51:09.848119
MZ0106,Nyasha,Sithole,nyasha.sithole106@micrlabs.onmicrosoft.com,Clinical,Radiologist,Harare,-17.784,31.0055,16,True,True,Active,False,0,2025-09-18,2026-03-28T17:51:09.848149
MZ0107,Sibusiso,Chirwa,sibusiso.chirwa107@micrlabs.onmicrosoft.com,Clinical,Nurse,Harare,-17.789,31.0667,6,True,True,Active,False,0,2022-07-13,2026-03-28T17:51:09.848177
MZ0108,Sibusiso,Chirwa,sibusiso.chirwa108@micrlabs.onmicrosoft.com,Clinical,Doctor,Harare,-17.8153,31.0993,6,False,True,Active,False,0,2024-03-08,2026-03-28T17:51:09.848206
MZ0109,Chiedza,Mhlanga,chiedza.mhlanga109@micrlabs.onmicrosoft.com,Clinical,Nurse,Mutare,-19.0,32.6425,12,True,True,Active,False,0,2022-05-23,2026-03-28T17:51:09.848235
MZ0110,Nomvula,Dube,nomvula.dube110@micrlabs.onmicrosoft.com,Clinical,Doctor,Bulawayo,-20.1026,28.5874,5,True,True,Active,False,0,2025-10-21,2026-03-28T17:51:09.848264
MZ0111,Nkosi,Dube,nkosi.dube111@micrlabs.onmicrosoft.com,Clinical,Nurse,Harare,-17.8665,31.0443,8,False,True,Active,False,0,2025-03-01,2026-03-28T17:51:09.848292
MZ0112,Nyasha,Phiri,nyasha.phiri112@micrlabs.onmicrosoft.com,Clinical,Lab Technician,Harare,-17.8177,31.0749,14,True,False,Active,False,0,2023-06-30,2026-03-28T17:51:09.848321
MZ0113,Sifiso,Zimba,sifiso.zimba113@micrlabs.onmicrosoft.com,Clinical,Doctor,Bulawayo,-20.1335,28.6674,7,False,True,Active,False,0,2023-04-19,2026-03-28T17:51:09.848351
MZ0114,Farai,Chikwanda,farai.chikwanda114@micrlabs.onmicrosoft.com,Clinical,Nurse,Bulawayo,-20.124,28.6476,17,False,True,Active,False,0,2021-10-14,2026-03-28T17:51:09.848382
MZ0115,Sibusiso,Nkomo,sibusiso.nkomo115@micrlabs.onmicrosoft.com,Clinical,Radiologist,Mutare,-18.9354,32.686,11,True,False,Active,False,0,2021-06-28,2026-03-28T17:51:09.848412
MZ0116,Nompilo,Zimba,nompilo.zimba116@micrlabs.onmicrosoft.com,Clinical,Radiologist,Harare,-17.8697,31.0449,13,True,True,Active,False,0,2022-09-09,2026-03-28T17:51:09.848441
MZ0117,Chiedza,Mhlanga,chiedza.mhlanga117@micrlabs.onmicrosoft.com,Clinical,Radiologist,Harare,-17.836,31.0767,16,False,True,Active,False,0,2023-01-23,2026-03-28T17:51:09.848470
MZ0118,Munyaradzi,Mutasa,munyaradzi.mutasa118@micrlabs.onmicrosoft.com,Clinical,Lab Technician,Gweru,-19.4059,29.809,6,False,True,Active,False,0,2023-02-23,2026-03-28T17:51:09.848499
MZ0119,Tsitsi,Phiri,tsitsi.phiri119@micrlabs.onmicrosoft.com,Clinical,Lab Technician,Harare,-17.8135,31.0246,8,True,True,Active,False,0,2024-05-08,2026-03-28T17:51:09.848639
MZ0120,Bongani,Nkomo,bongani.nkomo120@micrlabs.onmicrosoft.com,Clinical,Doctor,Harare,-17.8231,31.0789,5,True,True,Active,False,0,2023-06-27,2026-03-28T17:51:09.848715
MZ0121,Farai,Chikwanda,farai.chikwanda121@micrlabs.onmicrosoft.com,Clinical,Lab Technician,Mutare,-18.9898,32.6549,5,True,True,Active,False,0,2024-07-22,2026-03-28T17:51:09.848778
MZ0122,Farai,Tembo,farai.tembo122@micrlabs.onmicrosoft.com,Clinical,Radiologist,Bulawayo,-20.1794,28.651,11,True,True,Active,False,0,2023-01-29,2026-03-28T17:51:09.848836
MZ0123,Thandi,Tembo,thandi.tembo123@micrlabs.onmicrosoft.com,Clinical,Nurse,Harare,-17.7851,31.0618,6,True,True,Active,False,0,2025-01-21,2026-03-28T17:51:09.848887
MZ0124,Rudo,Banda,rudo.banda124@micrlabs.onmicrosoft.com,Clinical,Doctor,Bulawayo,-20.1339,28.6206,13,True,True,Active,False,0,2023-08-16,2026-03-28T17:51:09.848939
MZ0125,Sibusiso,Chikwanda,sibusiso.chikwanda125@micrlabs.onmicrosoft.com,Clinical,Lab Technician,Bulawayo,-20.1232,28.6291,14,True,True,Active,False,0,2025-11-14,2026-03-28T17:51:09.848989
MZ0126,Tinashe,Chikwanda,tinashe.chikwanda126@micrlabs.onmicrosoft.com,Clinical,Doctor,Masvingo,-20.0477,30.8592,14,True,True,Active,False,0,2021-09-01,2026-03-28T17:51:09.849037
MZ0127,Farai,Zimba,farai.zimba127@micrlabs.onmicrosoft.com,Clinical,Radiologist,Bulawayo,-20.1595,28.6323,16,True,False,Active,False,0,2025-06-24,2026-03-28T17:51:09.849086
MZ0128,Nkosi,Banda,nkosi.banda128@micrlabs.onmicrosoft.com,Clinical,Doctor,Masvingo,-20.0382,30.8404,17,False,True,Active,False,0,2021-11-02,2026-03-28T17:51:09.849134
MZ0129,Nkosi,Mutasa,nkosi.mutasa129@micrlabs.onmicrosoft.com,Clinical,Doctor,Harare,-17.7844,31.0482,16,True,True,Active,False,0,2023-11-24,2026-03-28T17:51:09.849183
MZ0130,Sifiso,Phiri,sifiso.phiri130@micrlabs.onmicrosoft.com,Clinical,Nurse,Harare,-17.7921,31.0768,12,True,True,Active,False,0,2024-10-27,2026-03-28T17:51:09.849238
MZ0131,Takudzwa,Mutasa,takudzwa.mutasa131@micrlabs.onmicrosoft.com,Clinical,Doctor,Mutare,-18.9388,32.7024,12,True,True,Active,False,0,2024-10-07,2026-03-28T17:51:09.849288
MZ0132,Tendai,Ncube,tendai.ncube132@micrlabs.onmicrosoft.com,Clinical,Nurse,Harare,-17.8019,31.0516,19,True,False,Active,False,0,2021-12-30,2026-03-28T17:51:09.849336
MZ0133,Nomvula,Banda,nomvula.banda133@micrlabs.onmicrosoft.com,Clinical,Lab Technician,Harare,-17.835,31.0325,13,True,True,Active,False,0,2025-12-30,2026-03-28T17:51:09.849384
MZ0134,Nompilo,Banda,nompilo.banda134@micrlabs.onmicrosoft.com,Clinical,Doctor,Harare,-17.8423,31.0309,7,True,True,Active,False,0,2021-05-15,2026-03-28T17:51:09.849437
MZ0135,Nyasha,Gumbo,nyasha.gumbo135@micrlabs.onmicrosoft.com,Clinical,Radiologist,Gweru,-19.4348,29.7989,20,True,False,Active,False,0,2021-04-27,2026-03-28T17:51:09.849487
MZ0136,Takudzwa,Tembo,takudzwa.tembo136@micrlabs.onmicrosoft.com,Clinical,Radiologist,Harare,-17.8146,31.0061,19,False,True,Active,False,0,2023-05-31,2026-03-28T17:51:09.849553
MZ0137,Lungelo,Gumbo,lungelo.gumbo137@micrlabs.onmicrosoft.com,Clinical,Nurse,Harare,-17.8383,31.036,6,False,True,Active,False,0,2025-09-26,2026-03-28T17:51:09.849626
MZ0138,Sibusiso,Phiri,sibusiso.phiri138@micrlabs.onmicrosoft.com,Clinical,Doctor,Bulawayo,-20.1541,28.6488,9,True,True,Active,False,0,2021-12-10,2026-03-28T17:51:09.849681
MZ0139,Thandi,Chirwa,thandi.chirwa139@micrlabs.onmicrosoft.com,Clinical,Nurse,Bulawayo,-20.1433,28.6359,7,True,True,Active,False,0,2023-05-27,2026-03-28T17:51:09.849733
MZ0140,Tendai,Tembo,tendai.tembo140@micrlabs.onmicrosoft.com,Clinical,Lab Technician,Gweru,-19.4261,29.8352,7,True,True,Active,False,0,2022-10-25,2026-03-28T17:51:09.849784
MZ0141,Takudzwa,Chikwanda,takudzwa.chikwanda141@micrlabs.onmicrosoft.com,Clinical,Lab Technician,Harare,-17.8578,31.097,20,True,False,Active,False,0,2024-08-15,2026-03-28T17:51:09.849834
MZ0142,Rudo,Mhlanga,rudo.mhlanga142@micrlabs.onmicrosoft.com,Clinical,Nurse,Mutare,-18.9699,32.6749,6,True,False,Active,False,0,2022-08-23,2026-03-28T17:51:09.849883
MZ0143,Nomvula,Dube,nomvula.dube143@micrlabs.onmicrosoft.com,Clinical,Nurse,Harare,-17.8099,31.0647,10,False,True,Active,False,0,2025-01-08,2026-03-28T17:51:09.849934
MZ0144,Nyasha,Sithole,nyasha.sithole144@micrlabs.onmicrosoft.com,Clinical,Lab Technician,Harare,-17.8043,31.0471,12,True,True,Active,False,0,2024-11-02,2026-03-28T17:51:09.849986
MZ0145,Takudzwa,Chirwa,takudzwa.chirwa145@micrlabs.onmicrosoft.com,Clinical,Radiologist,Masvingo,-20.026,30.829,14,False,True,Active,False,0,2021-08-27,2026-03-28T17:51:09.850051
MZ0146,Tinashe,Nkomo,tinashe.nkomo146@micrlabs.onmicrosoft.com,Clinical,Radiologist,Bulawayo,-20.0952,28.5816,20,False,True,Active,False,0,2025-06-03,2026-03-28T17:51:09.850103
MZ0147,Rudo,Ncube,rudo.ncube147@micrlabs.onmicrosoft.com,Clinical,Doctor,Mutare,-18.9934,32.7114,9,False,True,Active,False,0,2024-02-20,2026-03-28T17:51:09.850153
MZ0148,Lungelo,Gumbo,lungelo.gumbo148@micrlabs.onmicrosoft.com,Clinical,Nurse,Harare,-17.8739,31.0524,12,True,True,Active,False,0,2023-09-20,2026-03-28T17:51:09.850202
MZ0149,Takudzwa,Gumbo,takudzwa.gumbo149@micrlabs.onmicrosoft.com,Clinical,Nurse,Harare,-17.8077,31.0357,9,True,True,Active,False,0,2021-11-25,2026-03-28T17:51:09.850251
MZ0150,Kudzai,Banda,kudzai.banda150@micrlabs.onmicrosoft.com,Clinical,Radiologist,Harare,-17.8787,31.0101,13,True,True,Active,False,0,2025-09-08,2026-03-28T17:51:09.850300
MZ0151,Rudo,Mpofu,rudo.mpofu151@micrlabs.onmicrosoft.com,Clinical,Radiologist,Harare,-17.8744,31.0442,19,True,True,Active,False,0,2025-10-12,2026-03-28T17:51:09.850354
MZ0152,Tendai,Phiri,tendai.phiri152@micrlabs.onmicrosoft.com,Clinical,Radiologist,Bulawayo,-20.1106,28.6055,5,True,True,Active,False,0,2021-12-04,2026-03-28T17:51:09.850487
MZ0153,Tendai,Chirwa,tendai.chirwa153@micrlabs.onmicrosoft.com,Clinical,Radiologist,Harare,-17.7817,31.009,5,True,True,Active,False,0,2026-01-22,2026-03-28T17:51:09.850621
MZ0154,Thandi,Tembo,thandi.tembo154@micrlabs.onmicrosoft.com,Clinical,Radiologist,Harare,-17.8003,31.0367,8,False,True,Active,False,0,2022-09-07,2026-03-28T17:51:09.850673
MZ0155,Tatenda,Mutasa,tatenda.mutasa155@micrlabs.onmicrosoft.com,Clinical,Lab Technician,Bulawayo,-20.1011,28.5939,19,False,True,Active,False,0,2021-10-15,2026-03-28T17:51:09.850732
MZ0156,Chiedza,Tembo,chiedza.tembo156@micrlabs.onmicrosoft.com,Clinical,Nurse,Mutare,-18.9749,32.6502,6,False,False,Active,False,0,2025-11-11,2026-03-28T17:51:09.850796
MZ0157,Zanele,Zimba,zanele.zimba157@micrlabs.onmicrosoft.com,Clinical,Lab Technician,Masvingo,-20.0701,30.8081,11,True,False,Active,False,0,2022-05-02,2026-03-28T17:51:09.850864
MZ0158,Thandi,Ncube,thandi.ncube158@micrlabs.onmicrosoft.com,Clinical,Doctor,Mutare,-18.977,32.6609,19,False,True,Active,False,0,2025-11-24,2026-03-28T17:51:09.850913
MZ0159,Nompilo,Mutasa,nompilo.mutasa159@micrlabs.onmicrosoft.com,Clinical,Nurse,Masvingo,-20.0725,30.8629,18,True,True,Active,False,0,2022-05-27,2026-03-28T17:51:09.850961
MZ0160,Lungelo,Ncube,lungelo.ncube160@micrlabs.onmicrosoft.com,Clinical,Nurse,Harare,-17.8131,31.0328,18,True,True,Active,False,0,2025-06-10,2026-03-28T17:51:09.851013
MZ0161,Kudzai,Mhlanga,kudzai.mhlanga161@micrlabs.onmicrosoft.com,Clinical,Radiologist,Masvingo,-20.0629,30.8263,6,True,True,Active,False,0,2021-11-28,2026-03-28T17:51:09.851081
MZ0162,Tatenda,Dube,tatenda.dube162@micrlabs.onmicrosoft.com,Clinical,Lab Technician,Gweru,-19.4322,29.8105,9,True,True,Active,False,0,2023-01-17,2026-03-28T17:51:09.851133
MZ0163,Sifiso,Sithole,sifiso.sithole163@micrlabs.onmicrosoft.com,Clinical,Lab Technician,Harare,-17.8639,31.0472,16,True,True,Active,False,0,2024-01-14,2026-03-28T17:51:09.851181
MZ0164,Sifiso,Mutasa,sifiso.mutasa164@micrlabs.onmicrosoft.com,Clinical,Nurse,Bulawayo,-20.1575,28.5877,10,True,True,Active,False,0,2024-02-20,2026-03-28T17:51:09.851232
MZ0165,Thandi,Tembo,thandi.tembo165@micrlabs.onmicrosoft.com,Clinical,Doctor,Harare,-17.7796,31.0308,20,True,True,Active,False,0,2022-09-21,2026-03-28T17:51:09.851280
MZ0166,Nomvula,Gumbo,nomvula.gumbo166@micrlabs.onmicrosoft.com,Clinical,Doctor,Mutare,-18.921,32.702,15,True,True,Active,False,0,2023-01-13,2026-03-28T17:51:09.851328
MZ0167,Nomvula,Tembo,nomvula.tembo167@micrlabs.onmicrosoft.com,Clinical,Lab Technician,Mutare,-18.9507,32.6383,16,True,True,Active,False,0,2022-06-17,2026-03-28T17:51:09.851376
MZ0168,Tinashe,Nkomo,tinashe.nkomo168@micrlabs.onmicrosoft.com,Clinical,Nurse,Harare,-17.8431,31.0594,19,False,True,Active,False,0,2025-05-06,2026-03-28T17:51:09.851426
MZ0169,Rudo,Zimba,rudo.zimba169@micrlabs.onmicrosoft.com,Clinical,Doctor,Masvingo,-20.0525,30.8354,18,False,True,Active,False,0,2023-05-20,2026-03-28T17:51:09.851474
MZ0170,Nyasha,Banda,nyasha.banda170@micrlabs.onmicrosoft.com,Clinical,Lab Technician,Bulawayo,-20.148,28.6642,10,False,True,Active,False,0,2025-10-03,2026-03-28T17:51:09.851523
MZ0171,Simba,Dube,simba.dube171@micrlabs.onmicrosoft.com,Clinical,Doctor,Harare,-17.863,31.0957,12,True,False,Active,False,0,2024-09-13,2026-03-28T17:51:09.851571
MZ0172,Rudo,Mpofu,rudo.mpofu172@micrlabs.onmicrosoft.com,Clinical,Lab Technician,Bulawayo,-20.1274,28.5889,14,True,True,Active,False,0,2024-11-11,2026-03-28T17:51:09.851619
MZ0173,Farai,Chirwa,farai.chirwa173@micrlabs.onmicrosoft.com,Clinical,Nurse,Bulawayo,-20.0923,28.6102,6,False,True,Active,False,0,2022-04-20,2026-03-28T17:51:09.851666
MZ0174,Bongani,Nkomo,bongani.nkomo174@micrlabs.onmicrosoft.com,Clinical,Doctor,Bulawayo,-20.1207,28.5794,14,True,True,Active,False,0,2021-05-03,2026-03-28T17:51:09.851717
MZ0175,Thandi,Banda,thandi.banda175@micrlabs.onmicrosoft.com,Clinical,Nurse,Harare,-17.8732,31.0462,20,True,True,Active,False,0,2022-10-18,2026-03-28T17:51:09.851763
MZ0176,Lungelo,Tembo,lungelo.tembo176@micrlabs.onmicrosoft.com,Clinical,Nurse,Masvingo,-20.0899,30.8227,16,True,True,Active,False,0,2023-08-12,2026-03-28T17:51:09.851811
MZ0177,Sibusiso,Chikwanda,sibusiso.chikwanda177@micrlabs.onmicrosoft.com,Clinical,Nurse,Harare,-17.8651,31.0073,17,False,True,Active,False,0,2024-07-18,2026-03-28T17:51:09.851860
MZ0178,Lungelo,Mpofu,lungelo.mpofu178@micrlabs.onmicrosoft.com,Clinical,Nurse,Mutare,-18.9709,32.6724,20,False,True,Active,False,0,2024-10-01,2026-03-28T17:51:09.851908
MZ0179,Zanele,Banda,zanele.banda179@micrlabs.onmicrosoft.com,Clinical,Doctor,Masvingo,-20.1029,30.8181,6,True,True,Active,False,0,2022-01-26,2026-03-28T17:51:09.851954
MZ0180,Zanele,Moyo,zanele.moyo180@micrlabs.onmicrosoft.com,Clinical,Radiologist,Gweru,-19.4569,29.8549,16,False,True,Active,False,0,2025-03-26,2026-03-28T17:51:09.852001
MZ0181,Tsitsi,Phiri,tsitsi.phiri181@micrlabs.onmicrosoft.com,Clinical,Radiologist,Harare,-17.8239,31.0096,19,False,True,Active,False,0,2024-09-16,2026-03-28T17:51:09.852058
MZ0182,Chiedza,Zimba,chiedza.zimba182@micrlabs.onmicrosoft.com,Clinical,Doctor,Harare,-17.7805,31.058,16,False,True,Active,False,0,2024-07-02,2026-03-28T17:51:09.852110
MZ0183,Tatenda,Moyo,tatenda.moyo183@micrlabs.onmicrosoft.com,Clinical,Radiologist,Harare,-17.8459,31.0496,19,True,False,Active,False,0,2021-05-22,2026-03-28T17:51:09.852160
MZ0184,Lungelo,Dube,lungelo.dube184@micrlabs.onmicrosoft.com,Clinical,Nurse,Harare,-17.8175,31.0865,15,True,True,Active,False,0,2021-08-28,2026-03-28T17:51:09.852210
MZ0185,Nompilo,Mhlanga,nompilo.mhlanga185@micrlabs.onmicrosoft.com,Clinical,Radiologist,Harare,-17.8461,31.0132,18,True,True,Active,False,0,2021-12-18,2026-03-28T17:51:09.852259
MZ0186,Thandi,Chirwa,thandi.chirwa186@micrlabs.onmicrosoft.com,Clinical,Doctor,Mutare,-18.9431,32.6787,6,True,True,Active,False,0,2024-08-17,2026-03-28T17:51:09.852311
MZ0187,Tendai,Mpofu,tendai.mpofu187@micrlabs.onmicrosoft.com,Clinical,Radiologist,Harare,-17.7844,31.0132,5,True,True,Active,False,0,2024-12-02,2026-03-28T17:51:09.852360
MZ0188,Munyaradzi,Phiri,munyaradzi.phiri188@micrlabs.onmicrosoft.com,Clinical,Radiologist,Mutare,-18.9286,32.7082,6,False,True,Active,False,0,2025-01-10,2026-03-28T17:51:09.852406
MZ0189,Zanele,Zimba,zanele.zimba189@micrlabs.onmicrosoft.com,Clinical,Lab Technician,Harare,-17.8619,31.0934,15,True,True,Active,False,0,2025-01-20,2026-03-28T17:51:09.852451
MZ0190,Bongani,Mpofu,bongani.mpofu190@micrlabs.onmicrosoft.com,Clinical,Lab Technician,Harare,-17.8494,31.0963,14,False,True,Active,False,0,2024-10-17,2026-03-28T17:51:09.852498
MZ0191,Nompilo,Mutasa,nompilo.mutasa191@micrlabs.onmicrosoft.com,Clinical,Radiologist,Bulawayo,-20.0891,28.6486,14,True,True,Active,False,0,2025-12-21,2026-03-28T17:51:09.852529
MZ0192,Lungelo,Nkomo,lungelo.nkomo192@micrlabs.onmicrosoft.com,Clinical,Radiologist,Gweru,-19.471,29.7955,7,True,True,Active,False,0,2021-10-16,2026-03-28T17:51:09.852558
MZ0193,Bongani,Mpofu,bongani.mpofu193@micrlabs.onmicrosoft.com,Clinical,Lab Technician,Gweru,-19.4729,29.8229,13,True,True,Active,False,0,2023-04-19,2026-03-28T17:51:09.852586
MZ0194,Tatenda,Chirwa,tatenda.chirwa194@micrlabs.onmicrosoft.com,Clinical,Nurse,Masvingo,-20.1018,30.8061,8,True,True,Active,False,0,2023-12-18,2026-03-28T17:51:09.852617
MZ0195,Tatenda,Phiri,tatenda.phiri195@micrlabs.onmicrosoft.com,Clinical,Doctor,Masvingo,-20.1086,30.8481,20,True,True,Active,False,0,2021-10-15,2026-03-28T17:51:09.852646
MZ0196,Thandi,Chirwa,thandi.chirwa196@micrlabs.onmicrosoft.com,Clinical,Lab Technician,Harare,-17.8023,31.0674,12,True,True,Active,False,0,2023-10-15,2026-03-28T17:51:09.852674
MZ0197,Munyaradzi,Gumbo,munyaradzi.gumbo197@micrlabs.onmicrosoft.com,Clinical,Doctor,Gweru,-19.4066,29.7703,17,False,True,Active,False,0,2022-09-11,2026-03-28T17:51:09.852704
MZ0198,Tatenda,Chikwanda,tatenda.chikwanda198@micrlabs.onmicrosoft.com,Clinical,Lab Technician,Bulawayo,-20.1718,28.6747,14,True,True,Active,False,0,2022-09-24,2026-03-28T17:51:09.852733
MZ0199,Simba,Banda,simba.banda199@micrlabs.onmicrosoft.com,Clinical,Radiologist,Harare,-17.7983,31.0353,19,True,True,Active,False,0,2022-05-28,2026-03-28T17:51:09.852762
MZ0200,Thandi,Sithole,thandi.sithole200@micrlabs.onmicrosoft.com,Clinical,Doctor,Bulawayo,-20.1632,28.6375,17,False,True,Active,False,0,2022-12-12,2026-03-28T17:51:09.852792
MZ0201,Sibusiso,Dube,sibusiso.dube201@micrlabs.onmicrosoft.com,Billing,Billing Clerk,Masvingo,-20.0767,30.8764,5,True,True,Active,False,0,2024-12-23,2026-03-28T17:51:09.852824
MZ0202,Thandi,Sithole,thandi.sithole202@micrlabs.onmicrosoft.com,Billing,Finance Officer,Mutare,-19.0196,32.6863,12,True,True,Active,False,0,2021-07-18,2026-03-28T17:51:09.852857
MZ0203,Munyaradzi,Chirwa,munyaradzi.chirwa203@micrlabs.onmicrosoft.com,Billing,Finance Officer,Bulawayo,-20.093,28.6468,14,True,True,Active,False,0,2025-04-08,2026-03-28T17:51:09.852888
MZ0204,Bongani,Mpofu,bongani.mpofu204@micrlabs.onmicrosoft.com,Billing,Finance Officer,Masvingo,-20.0766,30.8283,16,True,True,Active,False,0,2023-11-09,2026-03-28T17:51:09.852920
MZ0205,Tinashe,Chirwa,tinashe.chirwa205@micrlabs.onmicrosoft.com,Billing,Medical Coder,Mutare,-18.9334,32.6291,19,True,True,Active,False,0,2021-10-31,2026-03-28T17:51:09.852950
MZ0206,Simba,Gumbo,simba.gumbo206@micrlabs.onmicrosoft.com,Billing,Billing Clerk,Bulawayo,-20.1252,28.5914,15,False,True,Active,False,0,2021-08-13,2026-03-28T17:51:09.852981
MZ0207,Sibusiso,Gumbo,sibusiso.gumbo207@micrlabs.onmicrosoft.com,Billing,Claims Analyst,Bulawayo,-20.1016,28.6217,18,True,True,Active,False,0,2024-08-08,2026-03-28T17:51:09.853012
MZ0208,Nkosi,Zimba,nkosi.zimba208@micrlabs.onmicrosoft.com,Billing,Medical Coder,Harare,-17.8789,31.024,7,True,True,Active,False,0,2022-10-05,2026-03-28T17:51:09.853050
MZ0209,Chiedza,Gumbo,chiedza.gumbo209@micrlabs.onmicrosoft.com,Billing,Billing Clerk,Harare,-17.8505,31.0202,9,False,False,Active,False,0,2023-07-26,2026-03-28T17:51:09.853084
MZ0210,Sifiso,Banda,sifiso.banda210@micrlabs.onmicrosoft.com,Billing,Medical Coder,Gweru,-19.4093,29.8043,9,True,True,Active,False,0,2024-10-27,2026-03-28T17:51:09.853114
MZ0211,Zanele,Dube,zanele.dube211@micrlabs.onmicrosoft.com,Billing,Claims Analyst,Mutare,-18.9984,32.6212,5,False,True,Active,False,0,2025-03-18,2026-03-28T17:51:09.853146
MZ0212,Bongani,Mpofu,bongani.mpofu212@micrlabs.onmicrosoft.com,Billing,Medical Coder,Harare,-17.8637,31.021,8,True,True,Active,False,0,2024-02-24,2026-03-28T17:51:09.853292
MZ0213,Tinashe,Ncube,tinashe.ncube213@micrlabs.onmicrosoft.com,Billing,Billing Clerk,Harare,-17.8758,31.062,6,True,True,Active,False,0,2023-04-01,2026-03-28T17:51:09.853363
MZ0214,Simba,Mpofu,simba.mpofu214@micrlabs.onmicrosoft.com,Billing,Medical Coder,Mutare,-18.9431,32.6349,14,True,False,Active,False,0,2023-06-29,2026-03-28T17:51:09.853405
MZ0215,Bongani,Chikwanda,bongani.chikwanda215@micrlabs.onmicrosoft.com,Billing,Finance Officer,Gweru,-19.4014,29.8188,18,True,True,Active,False,0,2025-03-28,2026-03-28T17:51:09.853450
MZ0216,Zanele,Banda,zanele.banda216@micrlabs.onmicrosoft.com,Billing,Claims Analyst,Harare,-17.8448,31.0665,17,False,True,Active,False,0,2023-03-19,2026-03-28T17:51:09.853482
MZ0217,Nomvula,Chikwanda,nomvula.chikwanda217@micrlabs.onmicrosoft.com,Billing,Medical Coder,Harare,-17.8038,31.0496,12,True,True,Active,False,0,2024-12-11,2026-03-28T17:51:09.853513
MZ0218,Simba,Zimba,simba.zimba218@micrlabs.onmicrosoft.com,Billing,Medical Coder,Masvingo,-20.0687,30.7962,12,True,True,Active,False,0,2025-11-27,2026-03-28T17:51:09.853545
MZ0219,Lungelo,Ncube,lungelo.ncube219@micrlabs.onmicrosoft.com,Billing,Billing Clerk,Bulawayo,-20.0996,28.5816,17,True,True,Active,False,0,2022-08-03,2026-03-28T17:51:09.853576
MZ0220,Tsitsi,Tembo,tsitsi.tembo220@micrlabs.onmicrosoft.com,Billing,Billing Clerk,Bulawayo,-20.1608,28.5973,15,True,False,Active,False,0,2026-01-29,2026-03-28T17:51:09.853607
MZ0221,Kudzai,Ncube,kudzai.ncube221@micrlabs.onmicrosoft.com,Billing,Claims Analyst,Mutare,-18.9453,32.7123,11,True,True,Active,False,0,2024-03-14,2026-03-28T17:51:09.853636
MZ0222,Sifiso,Banda,sifiso.banda222@micrlabs.onmicrosoft.com,Billing,Finance Officer,Bulawayo,-20.1466,28.6026,20,True,True,Active,False,0,2025-04-25,2026-03-28T17:51:09.853666
MZ0223,Bongani,Mutasa,bongani.mutasa223@micrlabs.onmicrosoft.com,Billing,Medical Coder,Harare,-17.8746,31.0886,9,True,True,Active,False,0,2025-09-21,2026-03-28T17:51:09.853695
MZ0224,Nomvula,Mpofu,nomvula.mpofu224@micrlabs.onmicrosoft.com,Billing,Medical Coder,Harare,-17.8412,31.0855,20,True,False,Active,False,0,2024-08-09,2026-03-28T17:51:09.853726
MZ0225,Nompilo,Tembo,nompilo.tembo225@micrlabs.onmicrosoft.com,Billing,Finance Officer,Bulawayo,-20.1334,28.5932,16,True,True,Active,False,0,2022-08-03,2026-03-28T17:51:09.853756
MZ0226,Simba,Chirwa,simba.chirwa226@micrlabs.onmicrosoft.com,Billing,Medical Coder,Masvingo,-20.072,30.8667,7,False,True,Active,False,0,2024-07-19,2026-03-28T17:51:09.853786
MZ0227,Nomvula,Mhlanga,nomvula.mhlanga227@micrlabs.onmicrosoft.com,Billing,Billing Clerk,Bulawayo,-20.1757,28.5915,11,True,True,Active,False,0,2025-12-31,2026-03-28T17:51:09.853816
MZ0228,Nkosi,Moyo,nkosi.moyo228@micrlabs.onmicrosoft.com,Billing,Medical Coder,Bulawayo,-20.1414,28.5781,13,True,True,Active,False,0,2022-07-14,2026-03-28T17:51:09.853845
MZ0229,Chiedza,Gumbo,chiedza.gumbo229@micrlabs.onmicrosoft.com,Billing,Medical Coder,Harare,-17.8643,31.0214,13,False,True,Active,False,0,2021-06-11,2026-03-28T17:51:09.853884
MZ0230,Takudzwa,Zimba,takudzwa.zimba230@micrlabs.onmicrosoft.com,Billing,Medical Coder,Harare,-17.8549,31.0719,14,True,True,Active,False,0,2023-02-18,2026-03-28T17:51:09.853914
MZ0231,Munyaradzi,Zimba,munyaradzi.zimba231@micrlabs.onmicrosoft.com,Billing,Billing Clerk,Harare,-17.8316,31.0659,10,True,True,Active,False,0,2024-11-30,2026-03-28T17:51:09.853943
MZ0232,Simba,Gumbo,simba.gumbo232@micrlabs.onmicrosoft.com,Billing,Finance Officer,Harare,-17.8581,31.089,20,True,False,Active,False,0,2025-01-22,2026-03-28T17:51:09.853972
MZ0233,Farai,Gumbo,farai.gumbo233@micrlabs.onmicrosoft.com,Billing,Finance Officer,Gweru,-19.4984,29.7874,9,False,True,Active,False,0,2021-06-03,2026-03-28T17:51:09.854001
MZ0234,Rudo,Dube,rudo.dube234@micrlabs.onmicrosoft.com,Billing,Medical Coder,Bulawayo,-20.1258,28.6613,15,True,True,Active,False,0,2023-11-13,2026-03-28T17:51:09.854055
MZ0235,Nkosi,Ncube,nkosi.ncube235@micrlabs.onmicrosoft.com,Billing,Billing Clerk,Harare,-17.7953,31.0363,17,False,True,Active,False,0,2026-01-04,2026-03-28T17:51:09.854099
MZ0236,Nompilo,Mpofu,nompilo.mpofu236@micrlabs.onmicrosoft.com,Billing,Finance Officer,Harare,-17.7851,31.0454,17,True,True,Active,False,0,2023-12-31,2026-03-28T17:51:09.854130
MZ0237,Chiedza,Chikwanda,chiedza.chikwanda237@micrlabs.onmicrosoft.com,Billing,Claims Analyst,Harare,-17.808,31.0656,17,True,True,Active,False,0,2022-11-13,2026-03-28T17:51:09.854163
MZ0238,Nompilo,Mutasa,nompilo.mutasa238@micrlabs.onmicrosoft.com,Billing,Billing Clerk,Mutare,-19.0105,32.6296,18,True,True,Active,False,0,2022-03-14,2026-03-28T17:51:09.854192
MZ0239,Tatenda,Ncube,tatenda.ncube239@micrlabs.onmicrosoft.com,Billing,Medical Coder,Harare,-17.8699,31.062,15,False,True,Active,False,0,2024-08-23,2026-03-28T17:51:09.854222
MZ0240,Sibusiso,Tembo,sibusiso.tembo240@micrlabs.onmicrosoft.com,Billing,Medical Coder,Masvingo,-20.0339,30.8806,10,True,True,Active,False,0,2025-12-29,2026-03-28T17:51:09.854253
MZ0241,Thandi,Banda,thandi.banda241@micrlabs.onmicrosoft.com,Billing,Finance Officer,Harare,-17.8625,31.0298,14,True,True,Active,False,0,2024-01-08,2026-03-28T17:51:09.854283
MZ0242,Kudzai,Chirwa,kudzai.chirwa242@micrlabs.onmicrosoft.com,Billing,Finance Officer,Harare,-17.8175,31.048,9,True,False,Active,False,0,2024-05-21,2026-03-28T17:51:09.854312
MZ0243,Lungelo,Banda,lungelo.banda243@micrlabs.onmicrosoft.com,Billing,Finance Officer,Harare,-17.7977,31.0882,9,True,True,Active,False,0,2025-03-14,2026-03-28T17:51:09.854343
MZ0244,Lungelo,Dube,lungelo.dube244@micrlabs.onmicrosoft.com,Billing,Claims Analyst,Masvingo,-20.0275,30.8119,20,False,True,Active,False,0,2026-02-16,2026-03-28T17:51:09.854374
MZ0245,Thandi,Mhlanga,thandi.mhlanga245@micrlabs.onmicrosoft.com,Billing,Finance Officer,Mutare,-18.9842,32.7141,11,True,True,Active,False,0,2021-04-22,2026-03-28T17:51:09.854404
MZ0246,Bongani,Banda,bongani.banda246@micrlabs.onmicrosoft.com,Billing,Billing Clerk,Mutare,-18.9376,32.6278,18,True,True,Active,False,0,2021-10-04,2026-03-28T17:51:09.854434
MZ0247,Rudo,Chirwa,rudo.chirwa247@micrlabs.onmicrosoft.com,Billing,Finance Officer,Harare,-17.8369,31.0399,19,False,True,Active,False,0,2024-11-03,2026-03-28T17:51:09.854463
MZ0248,Zanele,Moyo,zanele.moyo248@micrlabs.onmicrosoft.com,Billing,Medical Coder,Mutare,-18.9847,32.7105,7,True,True,Active,False,0,2023-09-11,2026-03-28T17:51:09.854496
MZ0249,Tendai,Sithole,tendai.sithole249@micrlabs.onmicrosoft.com,Billing,Finance Officer,Harare,-17.7808,31.0699,17,False,True,Active,False,0,2025-06-19,2026-03-28T17:51:09.854525
MZ0250,Tatenda,Ncube,tatenda.ncube250@micrlabs.onmicrosoft.com,Billing,Medical Coder,Harare,-17.8281,31.0541,12,True,True,Active,False,0,2023-06-15,2026-03-28T17:51:09.854555
MZ0251,Nkosi,Banda,nkosi.banda251@micrlabs.onmicrosoft.com,Billing,Claims Analyst,Harare,-17.8376,31.0984,8,False,True,Active,False,0,2022-01-22,2026-03-28T17:51:09.854584
MZ0252,Lungelo,Banda,lungelo.banda252@micrlabs.onmicrosoft.com,Billing,Finance Officer,Mutare,-18.9686,32.6557,8,True,True,Active,False,0,2021-06-13,2026-03-28T17:51:09.854615
MZ0253,Rudo,Moyo,rudo.moyo253@micrlabs.onmicrosoft.com,Billing,Finance Officer,Gweru,-19.4885,29.8516,8,True,True,Active,False,0,2023-01-02,2026-03-28T17:51:09.854643
MZ0254,Simba,Dube,simba.dube254@micrlabs.onmicrosoft.com,Billing,Claims Analyst,Harare,-17.8366,31.0484,17,True,True,Active,False,0,2025-06-24,2026-03-28T17:51:09.854673
MZ0255,Nkosi,Tembo,nkosi.tembo255@micrlabs.onmicrosoft.com,Billing,Medical Coder,Bulawayo,-20.1628,28.6356,17,True,True,Active,False,0,2023-09-13,2026-03-28T17:51:09.854702
MZ0256,Tsitsi,Ncube,tsitsi.ncube256@micrlabs.onmicrosoft.com,Billing,Finance Officer,Mutare,-18.967,32.6575,11,True,True,Active,False,0,2021-07-01,2026-03-28T17:51:09.854733
MZ0257,Sifiso,Sithole,sifiso.sithole257@micrlabs.onmicrosoft.com,Billing,Medical Coder,Harare,-17.8678,31.0374,19,True,True,Active,False,0,2024-01-13,2026-03-28T17:51:09.854762
MZ0258,Tendai,Dube,tendai.dube258@micrlabs.onmicrosoft.com,Billing,Finance Officer,Harare,-17.8553,31.0139,16,True,True,Active,False,0,2024-11-04,2026-03-28T17:51:09.854792
MZ0259,Tsitsi,Zimba,tsitsi.zimba259@micrlabs.onmicrosoft.com,Billing,Medical Coder,Harare,-17.8305,31.0559,10,True,True,Active,False,0,2021-09-19,2026-03-28T17:51:09.854821
MZ0260,Takudzwa,Mhlanga,takudzwa.mhlanga260@micrlabs.onmicrosoft.com,Billing,Claims Analyst,Harare,-17.8738,31.0381,5,True,True,Active,False,0,2022-08-29,2026-03-28T17:51:09.854849
MZ0261,Sifiso,Chirwa,sifiso.chirwa261@micrlabs.onmicrosoft.com,Billing,Medical Coder,Harare,-17.8082,31.0466,10,True,True,Active,False,0,2022-01-11,2026-03-28T17:51:09.854878
MZ0262,Nkosi,Chikwanda,nkosi.chikwanda262@micrlabs.onmicrosoft.com,Billing,Claims Analyst,Harare,-17.8503,31.0803,20,True,True,Active,False,0,2024-02-18,2026-03-28T17:51:09.854908
MZ0263,Zanele,Mhlanga,zanele.mhlanga263@micrlabs.onmicrosoft.com,Billing,Billing Clerk,Masvingo,-20.0702,30.8585,19,True,False,Active,False,0,2023-11-12,2026-03-28T17:51:09.854939
MZ0264,Rudo,Mhlanga,rudo.mhlanga264@micrlabs.onmicrosoft.com,Billing,Billing Clerk,Masvingo,-20.0794,30.8177,7,True,False,Active,False,0,2023-11-25,2026-03-28T17:51:09.854969
MZ0265,Kudzai,Sithole,kudzai.sithole265@micrlabs.onmicrosoft.com,Billing,Claims Analyst,Bulawayo,-20.0964,28.6374,18,True,True,Active,False,0,2024-10-05,2026-03-28T17:51:09.854998
MZ0266,Tatenda,Sithole,tatenda.sithole266@micrlabs.onmicrosoft.com,Billing,Claims Analyst,Harare,-17.8511,31.0561,15,False,True,Active,False,0,2024-09-09,2026-03-28T17:51:09.855034
MZ0267,Farai,Nkomo,farai.nkomo267@micrlabs.onmicrosoft.com,Billing,Finance Officer,Mutare,-18.9288,32.7201,9,False,True,Active,False,0,2023-11-24,2026-03-28T17:51:09.855069
MZ0268,Bongani,Nkomo,bongani.nkomo268@micrlabs.onmicrosoft.com,Billing,Claims Analyst,Gweru,-19.4607,29.7809,13,True,True,Active,False,0,2024-07-11,2026-03-28T17:51:09.855100
MZ0269,Munyaradzi,Phiri,munyaradzi.phiri269@micrlabs.onmicrosoft.com,Billing,Billing Clerk,Mutare,-18.9512,32.7086,19,False,True,Active,False,0,2025-07-20,2026-03-28T17:51:09.855131
MZ0270,Kudzai,Banda,kudzai.banda270@micrlabs.onmicrosoft.com,Billing,Billing Clerk,Bulawayo,-20.1128,28.6614,17,True,True,Active,False,0,2023-01-12,2026-03-28T17:51:09.855163
MZ0271,Thandi,Mutasa,thandi.mutasa271@micrlabs.onmicrosoft.com,Billing,Claims Analyst,Gweru,-19.4662,29.8245,20,False,False,Active,False,0,2023-06-17,2026-03-28T17:51:09.855193
MZ0272,Chiedza,Chirwa,chiedza.chirwa272@micrlabs.onmicrosoft.com,Billing,Billing Clerk,Mutare,-18.9747,32.6333,10,True,True,Active,False,0,2025-11-16,2026-03-28T17:51:09.855224
MZ0273,Kudzai,Gumbo,kudzai.gumbo273@micrlabs.onmicrosoft.com,Billing,Medical Coder,Harare,-17.8142,31.0181,13,True,True,Active,False,0,2025-09-21,2026-03-28T17:51:09.855254
MZ0274,Nomvula,Moyo,nomvula.moyo274@micrlabs.onmicrosoft.com,Billing,Billing Clerk,Harare,-17.8486,31.0721,12,True,True,Active,False,0,2023-07-05,2026-03-28T17:51:09.855285
MZ0275,Tinashe,Banda,tinashe.banda275@micrlabs.onmicrosoft.com,Billing,Billing Clerk,Harare,-17.8198,31.0541,19,True,True,Active,False,0,2023-03-23,2026-03-28T17:51:09.855315
MZ0276,Nomvula,Banda,nomvula.banda276@micrlabs.onmicrosoft.com,Billing,Billing Clerk,Harare,-17.8409,31.0753,8,True,True,Active,False,0,2023-03-28,2026-03-28T17:51:09.855344
MZ0277,Munyaradzi,Nkomo,munyaradzi.nkomo277@micrlabs.onmicrosoft.com,Billing,Finance Officer,Gweru,-19.4126,29.8309,9,True,True,Active,False,0,2022-06-04,2026-03-28T17:51:09.855373
MZ0278,Lungelo,Tembo,lungelo.tembo278@micrlabs.onmicrosoft.com,Billing,Claims Analyst,Harare,-17.8044,31.0942,19,False,True,Active,False,0,2021-04-13,2026-03-28T17:51:09.855402
MZ0279,Chiedza,Sithole,chiedza.sithole279@micrlabs.onmicrosoft.com,Billing,Billing Clerk,Mutare,-18.9855,32.6638,9,True,True,Active,False,0,2025-08-11,2026-03-28T17:51:09.855431
MZ0280,Nkosi,Mhlanga,nkosi.mhlanga280@micrlabs.onmicrosoft.com,Billing,Claims Analyst,Gweru,-19.4124,29.7872,11,False,True,Active,False,0,2023-01-24,2026-03-28T17:51:09.855460
MZ0281,Nyasha,Zimba,nyasha.zimba281@micrlabs.onmicrosoft.com,Billing,Billing Clerk,Harare,-17.8292,31.0616,5,False,False,Active,False,0,2021-05-10,2026-03-28T17:51:09.855491
MZ0282,Sifiso,Mutasa,sifiso.mutasa282@micrlabs.onmicrosoft.com,Billing,Claims Analyst,Bulawayo,-20.1652,28.6235,7,True,True,Active,False,0,2022-06-23,2026-03-28T17:51:09.855520
MZ0283,Tatenda,Gumbo,tatenda.gumbo283@micrlabs.onmicrosoft.com,Billing,Finance Officer,Harare,-17.8003,31.0529,18,True,True,Active,False,0,2021-10-23,2026-03-28T17:51:09.855548
MZ0284,Sibusiso,Chikwanda,sibusiso.chikwanda284@micrlabs.onmicrosoft.com,Billing,Claims Analyst,Harare,-17.7871,31.0996,9,True,True,Active,False,0,2025-04-09,2026-03-28T17:51:09.855579
MZ0285,Sifiso,Tembo,sifiso.tembo285@micrlabs.onmicrosoft.com,Billing,Billing Clerk,Masvingo,-20.1005,30.8072,18,True,True,Active,False,0,2022-12-31,2026-03-28T17:51:09.855606
MZ0286,Nomvula,Ncube,nomvula.ncube286@micrlabs.onmicrosoft.com,Billing,Billing Clerk,Harare,-17.8655,31.0033,20,False,True,Active,False,0,2022-01-25,2026-03-28T17:51:09.855636
MZ0287,Takudzwa,Dube,takudzwa.dube287@micrlabs.onmicrosoft.com,Billing,Finance Officer,Mutare,-18.9334,32.6942,8,False,True,Active,False,0,2021-07-27,2026-03-28T17:51:09.855664
MZ0288,Zanele,Ncube,zanele.ncube288@micrlabs.onmicrosoft.com,Billing,Medical Coder,Harare,-17.7817,31.065,20,True,True,Active,False,0,2022-09-18,2026-03-28T17:51:09.855692
MZ0289,Takudzwa,Dube,takudzwa.dube289@micrlabs.onmicrosoft.com,Billing,Medical Coder,Harare,-17.8689,31.0596,8,True,True,Active,False,0,2024-04-04,2026-03-28T17:51:09.855722
MZ0290,Tinashe,Moyo,tinashe.moyo290@micrlabs.onmicrosoft.com,Billing,Billing Clerk,Harare,-17.8409,31.0172,6,True,False,Active,False,0,2023-02-07,2026-03-28T17:51:09.855751
MZ0291,Takudzwa,Mpofu,takudzwa.mpofu291@micrlabs.onmicrosoft.com,Billing,Medical Coder,Harare,-17.8072,31.0293,7,True,True,Active,False,0,2023-10-15,2026-03-28T17:51:09.855780
MZ0292,Tinashe,Nkomo,tinashe.nkomo292@micrlabs.onmicrosoft.com,Billing,Billing Clerk,Bulawayo,-20.1779,28.6165,19,False,True,Active,False,0,2021-12-06,2026-03-28T17:51:09.855808
MZ0293,Sibusiso,Phiri,sibusiso.phiri293@micrlabs.onmicrosoft.com,Billing,Finance Officer,Harare,-17.8423,31.0314,14,False,True,Active,False,0,2022-06-22,2026-03-28T17:51:09.855837
MZ0294,Bongani,Tembo,bongani.tembo294@micrlabs.onmicrosoft.com,Billing,Finance Officer,Masvingo,-20.0484,30.8073,5,False,True,Active,False,0,2025-10-03,2026-03-28T17:51:09.855866
MZ0295,Takudzwa,Moyo,takudzwa.moyo295@micrlabs.onmicrosoft.com,Billing,Finance Officer,Mutare,-18.9831,32.6947,14,True,True,Active,False,0,2023-10-22,2026-03-28T17:51:09.855895
MZ0296,Nompilo,Moyo,nompilo.moyo296@micrlabs.onmicrosoft.com,Billing,Claims Analyst,Masvingo,-20.1102,30.8108,6,False,False,Active,False,0,2022-12-10,2026-03-28T17:51:09.855924
MZ0297,Nompilo,Tembo,nompilo.tembo297@micrlabs.onmicrosoft.com,Billing,Medical Coder,Harare,-17.8696,31.0156,17,True,True,Active,False,0,2022-11-30,2026-03-28T17:51:09.855953
MZ0298,Tinashe,Chikwanda,tinashe.chikwanda298@micrlabs.onmicrosoft.com,Billing,Medical Coder,Harare,-17.8477,31.0823,15,True,True,Active,False,0,2024-10-21,2026-03-28T17:51:09.855982
MZ0299,Farai,Nkomo,farai.nkomo299@micrlabs.onmicrosoft.com,Billing,Billing Clerk,Mutare,-19.0098,32.6315,19,True,True,Active,False,0,2023-01-01,2026-03-28T17:51:09.856010
MZ0300,Nyasha,Chikwanda,nyasha.chikwanda300@micrlabs.onmicrosoft.com,Billing,Finance Officer,Harare,-17.794,31.0112,14,False,True,Active,False,0,2025-12-08,2026-03-28T17:51:09.856062
MZ0301,Takudzwa,Dube,takudzwa.dube301@micrlabs.onmicrosoft.com,Operations,HR Manager,Harare,-17.8544,31.0378,6,True,True,Active,False,0,2024-06-06,2026-03-28T17:51:09.856102
MZ0302,Munyaradzi,Mhlanga,munyaradzi.mhlanga302@micrlabs.onmicrosoft.com,Operations,Receptionist,Harare,-17.8044,31.0272,19,True,True,Active,False,0,2024-08-23,2026-03-28T17:51:09.856134
MZ0303,Tatenda,Mhlanga,tatenda.mhlanga303@micrlabs.onmicrosoft.com,Operations,HR Manager,Mutare,-18.9985,32.6407,17,True,True,Active,False,0,2023-11-25,2026-03-28T17:51:09.856165
MZ0304,Sibusiso,Moyo,sibusiso.moyo304@micrlabs.onmicrosoft.com,Operations,HR Manager,Masvingo,-20.1046,30.8474,9,True,True,Active,False,0,2021-11-09,2026-03-28T17:51:09.856196
MZ0305,Tatenda,Banda,tatenda.banda305@micrlabs.onmicrosoft.com,Operations,Facilities Manager,Harare,-17.7868,31.0455,17,True,True,Active,False,0,2023-09-13,2026-03-28T17:51:09.856225
MZ0306,Takudzwa,Mpofu,takudzwa.mpofu306@micrlabs.onmicrosoft.com,Operations,Administrator,Masvingo,-20.0969,30.8274,9,True,True,Active,False,0,2024-11-03,2026-03-28T17:51:09.856254
MZ0307,Nompilo,Zimba,nompilo.zimba307@micrlabs.onmicrosoft.com,Operations,Receptionist,Gweru,-19.4521,29.7755,17,True,True,Active,False,0,2026-02-03,2026-03-28T17:51:09.856283
MZ0308,Munyaradzi,Nkomo,munyaradzi.nkomo308@micrlabs.onmicrosoft.com,Operations,Receptionist,Mutare,-18.9727,32.699,16,False,True,Active,False,0,2021-06-18,2026-03-28T17:51:09.856314
MZ0309,Nomvula,Moyo,nomvula.moyo309@micrlabs.onmicrosoft.com,Operations,Administrator,Harare,-17.8573,31.0918,13,True,False,Active,False,0,2022-12-29,2026-03-28T17:51:09.856343
MZ0310,Farai,Ncube,farai.ncube310@micrlabs.onmicrosoft.com,Operations,Facilities Manager,Harare,-17.8551,31.0556,6,False,False,Active,False,0,2024-11-05,2026-03-28T17:51:09.856373
MZ0311,Nomvula,Dube,nomvula.dube311@micrlabs.onmicrosoft.com,Operations,Administrator,Harare,-17.8474,31.076,16,False,True,Active,False,0,2024-06-28,2026-03-28T17:51:09.856402
MZ0312,Tsitsi,Mpofu,tsitsi.mpofu312@micrlabs.onmicrosoft.com,Operations,Facilities Manager,Gweru,-19.419,29.8637,14,True,True,Active,False,0,2022-05-02,2026-03-28T17:51:09.856432
MZ0313,Tsitsi,Mpofu,tsitsi.mpofu313@micrlabs.onmicrosoft.com,Operations,HR Manager,Harare,-17.8314,31.0354,11,False,True,Active,False,0,2025-12-04,2026-03-28T17:51:09.856462
MZ0314,Nkosi,Moyo,nkosi.moyo314@micrlabs.onmicrosoft.com,Operations,Receptionist,Harare,-17.8087,31.0164,8,False,False,Active,False,0,2022-06-25,2026-03-28T17:51:09.856492
MZ0315,Sifiso,Sithole,sifiso.sithole315@micrlabs.onmicrosoft.com,Operations,HR Manager,Harare,-17.849,31.0158,10,False,True,Active,False,0,2024-11-13,2026-03-28T17:51:09.856522
MZ0316,Nomvula,Tembo,nomvula.tembo316@micrlabs.onmicrosoft.com,Operations,Administrator,Masvingo,-20.055,30.8757,16,True,True,Active,False,0,2021-04-12,2026-03-28T17:51:09.856552
MZ0317,Thandi,Tembo,thandi.tembo317@micrlabs.onmicrosoft.com,Operations,Receptionist,Bulawayo,-20.1698,28.6493,17,False,True,Active,False,0,2021-05-07,2026-03-28T17:51:09.856581
MZ0318,Tsitsi,Mutasa,tsitsi.mutasa318@micrlabs.onmicrosoft.com,Operations,HR Manager,Masvingo,-20.0276,30.8049,8,False,True,Active,False,0,2021-12-14,2026-03-28T17:51:09.856609
MZ0319,Takudzwa,Mutasa,takudzwa.mutasa319@micrlabs.onmicrosoft.com,Operations,HR Manager,Harare,-17.7907,31.0111,15,True,True,Active,False,0,2025-09-13,2026-03-28T17:51:09.856640
MZ0320,Takudzwa,Chikwanda,takudzwa.chikwanda320@micrlabs.onmicrosoft.com,Operations,Receptionist,Mutare,-18.9487,32.6257,19,False,False,Active,False,0,2026-02-24,2026-03-28T17:51:09.856668
MZ0321,Sifiso,Mutasa,sifiso.mutasa321@micrlabs.onmicrosoft.com,Operations,Administrator,Bulawayo,-20.1724,28.6243,12,True,True,Active,False,0,2024-12-02,2026-03-28T17:51:09.856697
MZ0322,Nkosi,Mutasa,nkosi.mutasa322@micrlabs.onmicrosoft.com,Operations,HR Manager,Harare,-17.8687,31.0364,17,True,True,Active,False,0,2025-06-25,2026-03-28T17:51:09.856728
MZ0323,Nompilo,Tembo,nompilo.tembo323@micrlabs.onmicrosoft.com,Operations,HR Manager,Harare,-17.785,31.0187,18,True,True,Active,False,0,2024-11-26,2026-03-28T17:51:09.856758
MZ0324,Munyaradzi,Tembo,munyaradzi.tembo324@micrlabs.onmicrosoft.com,Operations,Receptionist,Bulawayo,-20.0899,28.6304,14,True,True,Active,False,0,2024-10-11,2026-03-28T17:51:09.856789
MZ0325,Nomvula,Moyo,nomvula.moyo325@micrlabs.onmicrosoft.com,Operations,Administrator,Harare,-17.8364,31.0317,20,True,True,Active,False,0,2021-12-23,2026-03-28T17:51:09.856821
MZ0326,Sibusiso,Banda,sibusiso.banda326@micrlabs.onmicrosoft.com,Operations,Receptionist,Gweru,-19.4692,29.8064,20,False,True,Active,False,0,2022-10-05,2026-03-28T17:51:09.856850
MZ0327,Takudzwa,Gumbo,takudzwa.gumbo327@micrlabs.onmicrosoft.com,Operations,Administrator,Harare,-17.8605,31.0067,19,True,True,Active,False,0,2023-07-08,2026-03-28T17:51:09.856879
MZ0328,Farai,Nkomo,farai.nkomo328@micrlabs.onmicrosoft.com,Operations,Facilities Manager,Bulawayo,-20.1728,28.6432,18,False,True,Active,False,0,2023-03-07,2026-03-28T17:51:09.856909
MZ0329,Zanele,Zimba,zanele.zimba329@micrlabs.onmicrosoft.com,Operations,HR Manager,Masvingo,-20.0557,30.8764,12,True,True,Active,False,0,2024-02-29,2026-03-28T17:51:09.856942
MZ0330,Chiedza,Nkomo,chiedza.nkomo330@micrlabs.onmicrosoft.com,Operations,HR Manager,Harare,-17.7843,31.0189,11,False,True,Active,False,0,2023-01-16,2026-03-28T17:51:09.856971
MZ0331,Tendai,Zimba,tendai.zimba331@micrlabs.onmicrosoft.com,Operations,Administrator,Harare,-17.7969,31.017,13,True,True,Active,False,0,2024-04-25,2026-03-28T17:51:09.856999
MZ0332,Munyaradzi,Phiri,munyaradzi.phiri332@micrlabs.onmicrosoft.com,Operations,HR Manager,Harare,-17.8466,31.0298,19,False,True,Active,False,0,2026-01-24,2026-03-28T17:51:09.857033
MZ0333,Munyaradzi,Dube,munyaradzi.dube333@micrlabs.onmicrosoft.com,Operations,Administrator,Harare,-17.8204,31.078,8,False,True,Active,False,0,2023-09-29,2026-03-28T17:51:09.857069
MZ0334,Zanele,Gumbo,zanele.gumbo334@micrlabs.onmicrosoft.com,Operations,HR Manager,Harare,-17.8381,31.0405,20,True,True,Active,False,0,2022-10-03,2026-03-28T17:51:09.857101
MZ0335,Sifiso,Dube,sifiso.dube335@micrlabs.onmicrosoft.com,Operations,Receptionist,Bulawayo,-20.1144,28.6166,17,False,True,Active,False,0,2022-12-07,2026-03-28T17:51:09.857131
MZ0336,Kudzai,Banda,kudzai.banda336@micrlabs.onmicrosoft.com,Operations,Receptionist,Masvingo,-20.0347,30.7848,14,True,True,Active,False,0,2021-09-06,2026-03-28T17:51:09.857160
MZ0337,Farai,Chikwanda,farai.chikwanda337@micrlabs.onmicrosoft.com,Operations,HR Manager,Masvingo,-20.0801,30.8654,13,False,True,Active,False,0,2025-10-02,2026-03-28T17:51:09.857191
MZ0338,Nyasha,Mpofu,nyasha.mpofu338@micrlabs.onmicrosoft.com,Operations,HR Manager,Masvingo,-20.0837,30.8312,16,False,True,Active,False,0,2024-09-09,2026-03-28T17:51:09.857222
MZ0339,Rudo,Tembo,rudo.tembo339@micrlabs.onmicrosoft.com,Operations,Receptionist,Bulawayo,-20.1689,28.6615,5,True,False,Active,False,0,2022-08-24,2026-03-28T17:51:09.857252
MZ0340,Tinashe,Moyo,tinashe.moyo340@micrlabs.onmicrosoft.com,Operations,Receptionist,Harare,-17.7874,31.0727,13,True,True,Active,False,0,2025-04-01,2026-03-28T17:51:09.857282
MZ0341,Tendai,Moyo,tendai.moyo341@micrlabs.onmicrosoft.com,Operations,Administrator,Harare,-17.8303,31.0468,20,True,True,Active,False,0,2022-10-25,2026-03-28T17:51:09.857311
MZ0342,Sibusiso,Chikwanda,sibusiso.chikwanda342@micrlabs.onmicrosoft.com,Operations,Receptionist,Harare,-17.8742,31.0876,11,False,True,Active,False,0,2021-12-03,2026-03-28T17:51:09.857342
MZ0343,Sifiso,Phiri,sifiso.phiri343@micrlabs.onmicrosoft.com,Operations,Receptionist,Harare,-17.8012,31.079,5,True,True,Active,False,0,2021-06-27,2026-03-28T17:51:09.857371
MZ0344,Tinashe,Chikwanda,tinashe.chikwanda344@micrlabs.onmicrosoft.com,Operations,Receptionist,Bulawayo,-20.0882,28.6477,13,True,True,Active,False,0,2025-09-05,2026-03-28T17:51:09.857402
MZ0345,Thandi,Mpofu,thandi.mpofu345@micrlabs.onmicrosoft.com,Operations,Facilities Manager,Harare,-17.8115,31.0846,17,True,True,Active,False,0,2025-03-11,2026-03-28T17:51:09.857431
MZ0346,Thandi,Chirwa,thandi.chirwa346@micrlabs.onmicrosoft.com,Operations,Facilities Manager,Harare,-17.8728,31.101,15,False,True,Active,False,0,2022-01-18,2026-03-28T17:51:09.857460
MZ0347,Farai,Phiri,farai.phiri347@micrlabs.onmicrosoft.com,Operations,Facilities Manager,Mutare,-18.9307,32.7014,17,True,True,Active,False,0,2022-06-22,2026-03-28T17:51:09.857490
MZ0348,Thandi,Chikwanda,thandi.chikwanda348@micrlabs.onmicrosoft.com,Operations,HR Manager,Masvingo,-20.0839,30.8565,11,True,True,Active,False,0,2025-09-30,2026-03-28T17:51:09.857518
MZ0349,Zanele,Chikwanda,zanele.chikwanda349@micrlabs.onmicrosoft.com,Operations,Administrator,Gweru,-19.4159,29.8543,10,True,True,Active,False,0,2023-11-25,2026-03-28T17:51:09.857547
MZ0350,Tendai,Gumbo,tendai.gumbo350@micrlabs.onmicrosoft.com,Operations,Facilities Manager,Harare,-17.8703,31.0377,14,True,False,Active,False,0,2023-04-17,2026-03-28T17:51:09.857576
MZ0351,Thandi,Banda,thandi.banda351@micrlabs.onmicrosoft.com,Operations,Facilities Manager,Gweru,-19.4529,29.8533,7,True,True,Active,False,0,2022-12-25,2026-03-28T17:51:09.857604
MZ0352,Zanele,Chikwanda,zanele.chikwanda352@micrlabs.onmicrosoft.com,Operations,HR Manager,Harare,-17.7921,31.0173,11,True,False,Active,False,0,2023-12-31,2026-03-28T17:51:09.857632
MZ0353,Takudzwa,Mhlanga,takudzwa.mhlanga353@micrlabs.onmicrosoft.com,Operations,Administrator,Mutare,-18.9428,32.6697,10,True,True,Active,False,0,2025-02-01,2026-03-28T17:51:09.857660
MZ0354,Bongani,Nkomo,bongani.nkomo354@micrlabs.onmicrosoft.com,Operations,Administrator,Mutare,-18.9631,32.6367,7,True,True,Active,False,0,2025-09-14,2026-03-28T17:51:09.857690
MZ0355,Sifiso,Banda,sifiso.banda355@micrlabs.onmicrosoft.com,Operations,Administrator,Harare,-17.8754,31.0221,16,False,False,Active,False,0,2026-02-22,2026-03-28T17:51:09.857720
MZ0356,Tendai,Moyo,tendai.moyo356@micrlabs.onmicrosoft.com,Operations,Receptionist,Bulawayo,-20.1576,28.6458,16,True,True,Active,False,0,2021-04-21,2026-03-28T17:51:09.857748
MZ0357,Chiedza,Mhlanga,chiedza.mhlanga357@micrlabs.onmicrosoft.com,Operations,Facilities Manager,Harare,-17.7844,31.0478,15,True,True,Active,False,0,2025-04-19,2026-03-28T17:51:09.857778
MZ0358,Nompilo,Mutasa,nompilo.mutasa358@micrlabs.onmicrosoft.com,Operations,Receptionist,Mutare,-19.0042,32.7116,17,True,True,Active,False,0,2024-06-07,2026-03-28T17:51:09.857806
MZ0359,Kudzai,Moyo,kudzai.moyo359@micrlabs.onmicrosoft.com,Operations,Receptionist,Bulawayo,-20.1656,28.6131,6,True,True,Active,False,0,2023-04-27,2026-03-28T17:51:09.857833
MZ0360,Tendai,Ncube,tendai.ncube360@micrlabs.onmicrosoft.com,Operations,HR Manager,Bulawayo,-20.1805,28.6454,18,True,True,Active,False,0,2021-05-11,2026-03-28T17:51:09.857862
MZ0361,Nomvula,Mpofu,nomvula.mpofu361@micrlabs.onmicrosoft.com,Operations,Facilities Manager,Bulawayo,-20.1195,28.6065,8,True,True,Active,False,0,2021-09-04,2026-03-28T17:51:09.857890
MZ0362,Sibusiso,Phiri,sibusiso.phiri362@micrlabs.onmicrosoft.com,Operations,Receptionist,Mutare,-19.0089,32.6323,8,True,True,Active,False,0,2023-12-09,2026-03-28T17:51:09.857920
MZ0363,Takudzwa,Tembo,takudzwa.tembo363@micrlabs.onmicrosoft.com,Operations,Facilities Manager,Harare,-17.8632,31.057,11,True,True,Active,False,0,2026-01-23,2026-03-28T17:51:09.857948
MZ0364,Tatenda,Chirwa,tatenda.chirwa364@micrlabs.onmicrosoft.com,Operations,Receptionist,Harare,-17.8682,31.0596,20,True,True,Active,False,0,2021-11-03,2026-03-28T17:51:09.857977
MZ0365,Rudo,Chirwa,rudo.chirwa365@micrlabs.onmicrosoft.com,Operations,HR Manager,Harare,-17.7803,31.0318,19,True,True,Active,False,0,2021-06-05,2026-03-28T17:51:09.858006
MZ0366,Lungelo,Nkomo,lungelo.nkomo366@micrlabs.onmicrosoft.com,Operations,HR Manager,Bulawayo,-20.1399,28.588,6,True,True,Active,False,0,2022-11-04,2026-03-28T17:51:09.858055
MZ0367,Lungelo,Gumbo,lungelo.gumbo367@micrlabs.onmicrosoft.com,Operations,Receptionist,Harare,-17.817,31.09,7,True,True,Active,False,0,2023-06-04,2026-03-28T17:51:09.858106
MZ0368,Sifiso,Banda,sifiso.banda368@micrlabs.onmicrosoft.com,Operations,HR Manager,Harare,-17.8406,31.0873,18,True,True,Active,False,0,2024-10-18,2026-03-28T17:51:09.858154
MZ0369,Kudzai,Tembo,kudzai.tembo369@micrlabs.onmicrosoft.com,Operations,HR Manager,Harare,-17.785,31.0181,18,False,True,Active,False,0,2025-12-03,2026-03-28T17:51:09.858202
MZ0370,Tsitsi,Zimba,tsitsi.zimba370@micrlabs.onmicrosoft.com,Operations,Administrator,Mutare,-18.9596,32.7072,9,True,True,Active,False,0,2023-07-03,2026-03-28T17:51:09.858252
MZ0371,Nkosi,Ncube,nkosi.ncube371@micrlabs.onmicrosoft.com,Operations,Administrator,Harare,-17.8478,31.0727,12,False,True,Active,False,0,2025-12-14,2026-03-28T17:51:09.858302
MZ0372,Munyaradzi,Chirwa,munyaradzi.chirwa372@micrlabs.onmicrosoft.com,Operations,Facilities Manager,Mutare,-18.9725,32.6873,17,True,True,Active,False,0,2022-09-16,2026-03-28T17:51:09.858351
MZ0373,Tendai,Gumbo,tendai.gumbo373@micrlabs.onmicrosoft.com,Operations,HR Manager,Harare,-17.7943,31.0874,10,True,True,Active,False,0,2025-01-03,2026-03-28T17:51:09.858403
MZ0374,Thandi,Moyo,thandi.moyo374@micrlabs.onmicrosoft.com,Operations,Receptionist,Bulawayo,-20.1275,28.6143,12,True,True,Active,False,0,2023-02-04,2026-03-28T17:51:09.858456
MZ0375,Nyasha,Banda,nyasha.banda375@micrlabs.onmicrosoft.com,Operations,Administrator,Harare,-17.7811,31.0767,5,True,True,Active,False,0,2021-09-02,2026-03-28T17:51:09.858507
MZ0376,Tsitsi,Sithole,tsitsi.sithole376@micrlabs.onmicrosoft.com,Operations,HR Manager,Bulawayo,-20.0935,28.6326,19,False,True,Active,False,0,2025-04-16,2026-03-28T17:51:09.858554
MZ0377,Nyasha,Mutasa,nyasha.mutasa377@micrlabs.onmicrosoft.com,Operations,HR Manager,Bulawayo,-20.1205,28.6237,16,False,True,Active,False,0,2021-11-06,2026-03-28T17:51:09.858602
MZ0378,Takudzwa,Mutasa,takudzwa.mutasa378@micrlabs.onmicrosoft.com,Operations,Receptionist,Gweru,-19.4036,29.7959,16,False,True,Active,False,0,2021-06-25,2026-03-28T17:51:09.858658
MZ0379,Nomvula,Mhlanga,nomvula.mhlanga379@micrlabs.onmicrosoft.com,Operations,Receptionist,Mutare,-18.9485,32.6316,11,True,False,Active,False,0,2025-09-11,2026-03-28T17:51:09.858717
MZ0380,Nyasha,Mhlanga,nyasha.mhlanga380@micrlabs.onmicrosoft.com,Operations,Administrator,Mutare,-18.949,32.6317,18,True,True,Active,False,0,2023-06-10,2026-03-28T17:51:09.858763
MZ0381,Nompilo,Chirwa,nompilo.chirwa381@micrlabs.onmicrosoft.com,Operations,HR Manager,Bulawayo,-20.1321,28.6728,5,True,True,Active,False,0,2025-03-09,2026-03-28T17:51:09.858796
MZ0382,Zanele,Nkomo,zanele.nkomo382@micrlabs.onmicrosoft.com,Operations,Administrator,Masvingo,-20.1067,30.8407,9,True,True,Active,False,0,2026-02-04,2026-03-28T17:51:09.858827
MZ0383,Sifiso,Sithole,sifiso.sithole383@micrlabs.onmicrosoft.com,Operations,Facilities Manager,Masvingo,-20.0482,30.8102,15,False,True,Active,False,0,2022-02-19,2026-03-28T17:51:09.858858
MZ0384,Munyaradzi,Sithole,munyaradzi.sithole384@micrlabs.onmicrosoft.com,Operations,Receptionist,Mutare,-18.9459,32.6508,15,False,False,Active,False,0,2022-10-01,2026-03-28T17:51:09.858890
MZ0385,Tinashe,Sithole,tinashe.sithole385@micrlabs.onmicrosoft.com,Operations,Receptionist,Mutare,-18.952,32.713,9,False,True,Active,False,0,2023-03-06,2026-03-28T17:51:09.858921
MZ0386,Sibusiso,Nkomo,sibusiso.nkomo386@micrlabs.onmicrosoft.com,Operations,Receptionist,Harare,-17.8312,31.0593,18,True,False,Active,False,0,2022-12-26,2026-03-28T17:51:09.858952
MZ0387,Nkosi,Phiri,nkosi.phiri387@micrlabs.onmicrosoft.com,Operations,Facilities Manager,Harare,-17.8411,31.0075,6,True,True,Active,False,0,2021-06-06,2026-03-28T17:51:09.858981
MZ0388,Thandi,Dube,thandi.dube388@micrlabs.onmicrosoft.com,Operations,Receptionist,Gweru,-19.4309,29.7962,6,True,True,Active,False,0,2024-07-18,2026-03-28T17:51:09.859010
MZ0389,Bongani,Phiri,bongani.phiri389@micrlabs.onmicrosoft.com,Operations,Receptionist,Mutare,-18.9408,32.6497,6,False,True,Active,False,0,2023-01-06,2026-03-28T17:51:09.859039
MZ0390,Tatenda,Tembo,tatenda.tembo390@micrlabs.onmicrosoft.com,Operations,Facilities Manager,Harare,-17.8171,31.0803,19,False,False,Active,False,0,2022-04-23,2026-03-28T17:51:09.859070
MZ0391,Kudzai,Mpofu,kudzai.mpofu391@micrlabs.onmicrosoft.com,Operations,Facilities Manager,Harare,-17.8615,31.0705,10,False,True,Active,False,0,2023-07-09,2026-03-28T17:51:09.859099
MZ0392,Nkosi,Zimba,nkosi.zimba392@micrlabs.onmicrosoft.com,Operations,HR Manager,Harare,-17.8528,31.0183,13,True,True,Active,False,0,2025-04-01,2026-03-28T17:51:09.859127
MZ0393,Farai,Gumbo,farai.gumbo393@micrlabs.onmicrosoft.com,Operations,Receptionist,Harare,-17.8741,31.0954,14,True,True,Active,False,0,2022-06-05,2026-03-28T17:51:09.859156
MZ0394,Kudzai,Mutasa,kudzai.mutasa394@micrlabs.onmicrosoft.com,Operations,Facilities Manager,Bulawayo,-20.0868,28.6285,10,True,True,Active,False,0,2021-07-16,2026-03-28T17:51:09.859187
MZ0395,Bongani,Gumbo,bongani.gumbo395@micrlabs.onmicrosoft.com,Operations,HR Manager,Harare,-17.846,31.0383,11,False,True,Active,False,0,2023-05-07,2026-03-28T17:51:09.859215
MZ0396,Chiedza,Chirwa,chiedza.chirwa396@micrlabs.onmicrosoft.com,Operations,Administrator,Harare,-17.8552,31.0664,12,False,True,Active,False,0,2023-04-17,2026-03-28T17:51:09.859244
MZ0397,Sibusiso,Zimba,sibusiso.zimba397@micrlabs.onmicrosoft.com,Operations,Facilities Manager,Harare,-17.8068,31.0047,16,True,True,Active,False,0,2021-09-09,2026-03-28T17:51:09.859273
MZ0398,Rudo,Gumbo,rudo.gumbo398@micrlabs.onmicrosoft.com,Operations,Administrator,Bulawayo,-20.1505,28.5846,8,True,False,Active,False,0,2024-02-19,2026-03-28T17:51:09.859301
MZ0399,Tinashe,Chirwa,tinashe.chirwa399@micrlabs.onmicrosoft.com,Operations,HR Manager,Bulawayo,-20.1612,28.6449,8,True,True,Active,False,0,2024-04-20,2026-03-28T17:51:09.859332
MZ0400,Kudzai,Chirwa,kudzai.chirwa400@micrlabs.onmicrosoft.com,Operations,Administrator,Harare,-17.8333,31.0354,7,True,True,Active,False,0,2022-02-17,2026-03-28T17:51:09.859361
MZ0401,Tsitsi,Mhlanga,tsitsi.mhlanga401@micrlabs.onmicrosoft.com,Operations,Facilities Manager,Harare,-17.8533,31.041,17,True,True,Active,False,0,2025-01-29,2026-03-28T17:51:09.859390
MZ0402,Tendai,Tembo,tendai.tembo402@micrlabs.onmicrosoft.com,Operations,HR Manager,Bulawayo,-20.1069,28.635,7,True,True,Active,False,0,2025-01-08,2026-03-28T17:51:09.859420
MZ0403,Sibusiso,Chikwanda,sibusiso.chikwanda403@micrlabs.onmicrosoft.com,Operations,Facilities Manager,Mutare,-18.9769,32.6604,5,True,True,Active,False,0,2025-07-13,2026-03-28T17:51:09.859448
MZ0404,Zanele,Chikwanda,zanele.chikwanda404@micrlabs.onmicrosoft.com,Operations,Receptionist,Masvingo,-20.11,30.8505,16,False,True,Active,False,0,2024-10-18,2026-03-28T17:51:09.859479
MZ0405,Tatenda,Moyo,tatenda.moyo405@micrlabs.onmicrosoft.com,Operations,Receptionist,Bulawayo,-20.1431,28.6312,7,True,True,Active,False,0,2023-04-23,2026-03-28T17:51:09.859506
MZ0406,Munyaradzi,Gumbo,munyaradzi.gumbo406@micrlabs.onmicrosoft.com,Operations,Facilities Manager,Bulawayo,-20.1312,28.5925,12,True,True,Active,False,0,2025-12-11,2026-03-28T17:51:09.859556
MZ0407,Tendai,Nkomo,tendai.nkomo407@micrlabs.onmicrosoft.com,Operations,HR Manager,Bulawayo,-20.1771,28.6515,19,True,True,Active,False,0,2025-04-03,2026-03-28T17:51:09.859600
MZ0408,Sibusiso,Mpofu,sibusiso.mpofu408@micrlabs.onmicrosoft.com,Operations,HR Manager,Mutare,-18.972,32.654,9,True,True,Active,False,0,2022-05-29,2026-03-28T17:51:09.859631
MZ0409,Tinashe,Mutasa,tinashe.mutasa409@micrlabs.onmicrosoft.com,Operations,Facilities Manager,Harare,-17.8464,31.0681,9,True,True,Active,False,0,2025-08-12,2026-03-28T17:51:09.859661
MZ0410,Nomvula,Moyo,nomvula.moyo410@micrlabs.onmicrosoft.com,Operations,Facilities Manager,Harare,-17.8006,31.0734,18,True,True,Active,False,0,2022-06-11,2026-03-28T17:51:09.859690
MZ0411,Nompilo,Banda,nompilo.banda411@micrlabs.onmicrosoft.com,Operations,Facilities Manager,Harare,-17.8487,31.0574,10,True,True,Active,False,0,2025-02-17,2026-03-28T17:51:09.859719
MZ0412,Simba,Mpofu,simba.mpofu412@micrlabs.onmicrosoft.com,Operations,Facilities Manager,Harare,-17.7906,31.0098,7,False,True,Active,False,0,2024-12-21,2026-03-28T17:51:09.859748
MZ0413,Bongani,Gumbo,bongani.gumbo413@micrlabs.onmicrosoft.com,Operations,HR Manager,Harare,-17.8531,31.0916,20,True,True,Active,False,0,2021-03-27,2026-03-28T17:51:09.859778
MZ0414,Tsitsi,Tembo,tsitsi.tembo414@micrlabs.onmicrosoft.com,Operations,Administrator,Gweru,-19.4866,29.8168,7,True,True,Active,False,0,2022-10-12,2026-03-28T17:51:09.859809
MZ0415,Simba,Dube,simba.dube415@micrlabs.onmicrosoft.com,Operations,Receptionist,Harare,-17.8613,31.0971,9,False,True,Active,False,0,2025-01-07,2026-03-28T17:51:09.859840
MZ0416,Tinashe,Nkomo,tinashe.nkomo416@micrlabs.onmicrosoft.com,Operations,Facilities Manager,Harare,-17.8729,31.0391,6,True,True,Active,False,0,2023-10-20,2026-03-28T17:51:09.859868
MZ0417,Nompilo,Gumbo,nompilo.gumbo417@micrlabs.onmicrosoft.com,Operations,Facilities Manager,Harare,-17.8746,31.1003,15,True,False,Active,False,0,2022-04-14,2026-03-28T17:51:09.859897
MZ0418,Zanele,Sithole,zanele.sithole418@micrlabs.onmicrosoft.com,Operations,Facilities Manager,Harare,-17.8138,31.0387,7,True,True,Active,False,0,2024-03-28,2026-03-28T17:51:09.859926
MZ0419,Lungelo,Mhlanga,lungelo.mhlanga419@micrlabs.onmicrosoft.com,Operations,Receptionist,Gweru,-19.4513,29.8149,5,True,True,Active,False,0,2024-06-04,2026-03-28T17:51:09.859955
MZ0420,Chiedza,Phiri,chiedza.phiri420@micrlabs.onmicrosoft.com,Operations,Receptionist,Bulawayo,-20.1613,28.5951,16,True,True,Active,False,0,2024-02-17,2026-03-28T17:51:09.859983
MZ0421,Lungelo,Tembo,lungelo.tembo421@micrlabs.onmicrosoft.com,IT,Help Desk,Harare,-17.8117,31.0501,10,True,True,Active,False,0,2021-05-13,2026-03-28T17:51:09.860014
MZ0422,Farai,Sithole,farai.sithole422@micrlabs.onmicrosoft.com,IT,Help Desk,Bulawayo,-20.169,28.6277,9,True,True,Active,False,0,2025-03-13,2026-03-28T17:51:09.860043
MZ0423,Nkosi,Gumbo,nkosi.gumbo423@micrlabs.onmicrosoft.com,IT,Help Desk,Mutare,-18.9545,32.6492,7,True,True,Active,False,0,2022-03-10,2026-03-28T17:51:09.860072
MZ0424,Nomvula,Mpofu,nomvula.mpofu424@micrlabs.onmicrosoft.com,IT,Network Engineer,Gweru,-19.4399,29.8462,10,True,True,Active,False,0,2022-08-27,2026-03-28T17:51:09.860101
MZ0425,Nompilo,Sithole,nompilo.sithole425@micrlabs.onmicrosoft.com,IT,Help Desk,Bulawayo,-20.1595,28.6149,8,True,True,Active,False,0,2025-05-09,2026-03-28T17:51:09.860129
MZ0426,Tsitsi,Ncube,tsitsi.ncube426@micrlabs.onmicrosoft.com,IT,Network Engineer,Harare,-17.789,31.0622,8,True,True,Active,False,0,2025-10-10,2026-03-28T17:51:09.860159
MZ0427,Zanele,Zimba,zanele.zimba427@micrlabs.onmicrosoft.com,IT,IT Administrator,Harare,-17.8749,31.0552,12,False,True,Active,False,0,2023-01-10,2026-03-28T17:51:09.860188
MZ0428,Sibusiso,Zimba,sibusiso.zimba428@micrlabs.onmicrosoft.com,IT,Network Engineer,Harare,-17.8315,31.0255,7,True,False,Active,False,0,2022-01-07,2026-03-28T17:51:09.860217
MZ0429,Bongani,Moyo,bongani.moyo429@micrlabs.onmicrosoft.com,IT,Network Engineer,Mutare,-18.9418,32.6787,8,True,True,Active,False,0,2023-12-25,2026-03-28T17:51:09.860246
MZ0430,Sifiso,Mutasa,sifiso.mutasa430@micrlabs.onmicrosoft.com,IT,Help Desk,Harare,-17.8366,31.0607,13,False,True,Active,False,0,2022-09-10,2026-03-28T17:51:09.860274
MZ0431,Sifiso,Nkomo,sifiso.nkomo431@micrlabs.onmicrosoft.com,IT,Security Analyst,Harare,-17.824,31.058,10,True,True,Active,False,0,2023-09-15,2026-03-28T17:51:09.860304
MZ0432,Lungelo,Nkomo,lungelo.nkomo432@micrlabs.onmicrosoft.com,IT,Security Analyst,Mutare,-18.9471,32.7064,8,False,True,Active,False,0,2021-08-27,2026-03-28T17:51:09.860333
MZ0433,Tinashe,Phiri,tinashe.phiri433@micrlabs.onmicrosoft.com,IT,Help Desk,Harare,-17.8454,31.0573,6,True,False,Active,False,0,2023-04-23,2026-03-28T17:51:09.860362
MZ0434,Farai,Banda,farai.banda434@micrlabs.onmicrosoft.com,IT,IT Administrator,Masvingo,-20.0809,30.7892,12,True,True,Active,False,0,2023-07-08,2026-03-28T17:51:09.860474
MZ0435,Zanele,Chikwanda,zanele.chikwanda435@micrlabs.onmicrosoft.com,IT,Network Engineer,Mutare,-18.961,32.7155,10,True,True,Active,False,0,2025-02-07,2026-03-28T17:51:09.860597
MZ0436,Bongani,Moyo,bongani.moyo436@micrlabs.onmicrosoft.com,IT,Help Desk,Mutare,-18.9696,32.6907,10,True,True,Active,False,0,2023-11-10,2026-03-28T17:51:09.860651
MZ0437,Chiedza,Chikwanda,chiedza.chikwanda437@micrlabs.onmicrosoft.com,IT,IT Administrator,Mutare,-18.9854,32.6604,11,True,True,Active,False,0,2023-12-27,2026-03-28T17:51:09.860702
MZ0438,Simba,Chikwanda,simba.chikwanda438@micrlabs.onmicrosoft.com,IT,IT Administrator,Mutare,-18.9648,32.6792,16,False,True,Active,False,0,2023-01-31,2026-03-28T17:51:09.860756
MZ0439,Sifiso,Sithole,sifiso.sithole439@micrlabs.onmicrosoft.com,IT,Help Desk,Harare,-17.8617,31.0528,7,True,True,Active,False,0,2025-12-04,2026-03-28T17:51:09.860793
MZ0440,Zanele,Mhlanga,zanele.mhlanga440@micrlabs.onmicrosoft.com,IT,IT Administrator,Mutare,-18.9957,32.6652,17,True,True,Active,False,0,2024-05-24,2026-03-28T17:51:09.860823
MZ0441,Nompilo,Gumbo,nompilo.gumbo441@micrlabs.onmicrosoft.com,IT,Security Analyst,Bulawayo,-20.1798,28.588,7,True,True,Active,False,0,2023-05-17,2026-03-28T17:51:09.860852
MZ0442,Takudzwa,Zimba,takudzwa.zimba442@micrlabs.onmicrosoft.com,IT,Help Desk,Masvingo,-20.0727,30.7838,13,True,True,Active,False,0,2022-01-25,2026-03-28T17:51:09.860881
MZ0443,Simba,Gumbo,simba.gumbo443@micrlabs.onmicrosoft.com,IT,Security Analyst,Harare,-17.8478,31.0241,13,True,True,Active,False,0,2025-10-29,2026-03-28T17:51:09.860911
MZ0444,Bongani,Mpofu,bongani.mpofu444@micrlabs.onmicrosoft.com,IT,Help Desk,Mutare,-18.9334,32.6416,11,False,True,Active,False,0,2024-04-20,2026-03-28T17:51:09.860940
MZ0445,Chiedza,Ncube,chiedza.ncube445@micrlabs.onmicrosoft.com,IT,Security Analyst,Masvingo,-20.0568,30.8491,5,False,True,Active,False,0,2022-09-11,2026-03-28T17:51:09.860969
MZ0446,Lungelo,Sithole,lungelo.sithole446@micrlabs.onmicrosoft.com,IT,IT Administrator,Harare,-17.7894,31.0903,13,True,False,Active,False,0,2024-05-17,2026-03-28T17:51:09.860998
MZ0447,Bongani,Nkomo,bongani.nkomo447@micrlabs.onmicrosoft.com,IT,Security Analyst,Bulawayo,-20.1771,28.6563,20,False,True,Active,False,0,2023-02-21,2026-03-28T17:51:09.861027
MZ0448,Nomvula,Banda,nomvula.banda448@micrlabs.onmicrosoft.com,IT,Security Analyst,Masvingo,-20.0546,30.8288,5,True,True,Active,False,0,2022-11-01,2026-03-28T17:51:09.861055
MZ0449,Lungelo,Sithole,lungelo.sithole449@micrlabs.onmicrosoft.com,IT,IT Administrator,Gweru,-19.4813,29.793,13,True,True,Active,False,0,2024-03-01,2026-03-28T17:51:09.861085
MZ0450,Nyasha,Zimba,nyasha.zimba450@micrlabs.onmicrosoft.com,IT,Security Analyst,Harare,-17.8091,31.0394,17,True,True,Active,False,0,2022-02-22,2026-03-28T17:51:09.861112
MZ0451,Chiedza,Tembo,chiedza.tembo451@micrlabs.onmicrosoft.com,Pharmacy,Pharmacist,Harare,-17.8556,31.0454,17,True,True,Active,False,0,2021-11-07,2026-03-28T17:51:09.861153
MZ0452,Nkosi,Dube,nkosi.dube452@micrlabs.onmicrosoft.com,Pharmacy,Pharmacist,Harare,-17.8658,31.0915,15,False,True,Active,False,0,2022-03-26,2026-03-28T17:51:09.861185
MZ0453,Sibusiso,Tembo,sibusiso.tembo453@micrlabs.onmicrosoft.com,Pharmacy,Pharmacist,Harare,-17.8577,31.0276,8,True,True,Active,False,0,2023-02-07,2026-03-28T17:51:09.861214
MZ0454,Zanele,Phiri,zanele.phiri454@micrlabs.onmicrosoft.com,Pharmacy,Pharmacy Technician,Masvingo,-20.0986,30.7848,8,True,True,Active,False,0,2023-09-06,2026-03-28T17:51:09.861244
MZ0455,Rudo,Mutasa,rudo.mutasa455@micrlabs.onmicrosoft.com,Pharmacy,Pharmacist,Harare,-17.8282,31.0797,19,False,True,Active,False,0,2022-02-13,2026-03-28T17:51:09.861275
MZ0456,Nomvula,Mhlanga,nomvula.mhlanga456@micrlabs.onmicrosoft.com,Pharmacy,Pharmacy Technician,Harare,-17.7984,31.0359,17,False,True,Active,False,0,2022-05-02,2026-03-28T17:51:09.861304
MZ0457,Bongani,Mutasa,bongani.mutasa457@micrlabs.onmicrosoft.com,Pharmacy,Pharmacist,Harare,-17.8501,31.0289,17,True,True,Active,False,0,2023-08-04,2026-03-28T17:51:09.861334
MZ0458,Sifiso,Dube,sifiso.dube458@micrlabs.onmicrosoft.com,Pharmacy,Pharmacy Technician,Harare,-17.8769,31.075,13,False,True,Active,False,0,2025-10-28,2026-03-28T17:51:09.861363
MZ0459,Farai,Zimba,farai.zimba459@micrlabs.onmicrosoft.com,Pharmacy,Pharmacist,Harare,-17.8728,31.0901,6,True,True,Active,False,0,2021-10-07,2026-03-28T17:51:09.861394
MZ0460,Rudo,Sithole,rudo.sithole460@micrlabs.onmicrosoft.com,Pharmacy,Pharmacist,Harare,-17.8137,31.0907,14,True,True,Active,False,0,2023-03-31,2026-03-28T17:51:09.861423
MZ0461,Farai,Phiri,farai.phiri461@micrlabs.onmicrosoft.com,Pharmacy,Pharmacy Technician,Gweru,-19.4971,29.8331,15,False,True,Active,False,0,2023-01-05,2026-03-28T17:51:09.861452
MZ0462,Nomvula,Tembo,nomvula.tembo462@micrlabs.onmicrosoft.com,Pharmacy,Pharmacy Technician,Bulawayo,-20.1234,28.6221,18,True,True,Active,False,0,2025-08-16,2026-03-28T17:51:09.861481
MZ0463,Nompilo,Phiri,nompilo.phiri463@micrlabs.onmicrosoft.com,Pharmacy,Pharmacy Technician,Harare,-17.8702,31.033,18,True,True,Active,False,0,2022-10-23,2026-03-28T17:51:09.861509
MZ0464,Takudzwa,Chikwanda,takudzwa.chikwanda464@micrlabs.onmicrosoft.com,Pharmacy,Pharmacist,Harare,-17.8784,31.0944,20,True,True,Active,False,0,2022-12-25,2026-03-28T17:51:09.861611
MZ0465,Tatenda,Phiri,tatenda.phiri465@micrlabs.onmicrosoft.com,Pharmacy,Pharmacy Technician,Harare,-17.838,31.0583,17,True,True,Active,False,0,2022-10-16,2026-03-28T17:51:09.861650
MZ0466,Bongani,Chikwanda,bongani.chikwanda466@micrlabs.onmicrosoft.com,Pharmacy,Pharmacy Technician,Harare,-17.8167,31.0539,13,True,True,Active,False,0,2024-10-15,2026-03-28T17:51:09.861680
MZ0467,Bongani,Mhlanga,bongani.mhlanga467@micrlabs.onmicrosoft.com,Pharmacy,Pharmacy Technician,Harare,-17.8655,31.0132,19,True,True,Active,False,0,2021-05-21,2026-03-28T17:51:09.861710
MZ0468,Takudzwa,Moyo,takudzwa.moyo468@micrlabs.onmicrosoft.com,Pharmacy,Pharmacy Technician,Harare,-17.7822,31.0044,8,True,True,Active,False,0,2024-09-13,2026-03-28T17:51:09.861739
MZ0469,Tinashe,Ncube,tinashe.ncube469@micrlabs.onmicrosoft.com,Pharmacy,Pharmacy Technician,Harare,-17.8298,31.0364,14,False,True,Active,False,0,2023-01-14,2026-03-28T17:51:09.861768
MZ0470,Nkosi,Mutasa,nkosi.mutasa470@micrlabs.onmicrosoft.com,Pharmacy,Pharmacy Technician,Harare,-17.8041,31.0168,13,False,True,Active,False,0,2021-11-24,2026-03-28T17:51:09.861797
MZ0471,Tinashe,Gumbo,tinashe.gumbo471@micrlabs.onmicrosoft.com,Pharmacy,Pharmacy Technician,Gweru,-19.4183,29.8495,8,False,True,Active,False,0,2022-03-14,2026-03-28T17:51:09.861826
MZ0472,Bongani,Tembo,bongani.tembo472@micrlabs.onmicrosoft.com,Pharmacy,Pharmacy Technician,Masvingo,-20.1045,30.8563,8,True,False,Active,False,0,2026-02-17,2026-03-28T17:51:09.861855
MZ0473,Thandi,Gumbo,thandi.gumbo473@micrlabs.onmicrosoft.com,Pharmacy,Pharmacy Technician,Harare,-17.8163,31.0064,8,True,True,Active,False,0,2023-09-08,2026-03-28T17:51:09.861885
MZ0474,Nkosi,Mhlanga,nkosi.mhlanga474@micrlabs.onmicrosoft.com,Pharmacy,Pharmacist,Bulawayo,-20.0852,28.6,18,True,True,Active,False,0,2023-07-11,2026-03-28T17:51:09.861916
MZ0475,Munyaradzi,Nkomo,munyaradzi.nkomo475@micrlabs.onmicrosoft.com,Pharmacy,Pharmacy Technician,Harare,-17.7823,31.0603,20,True,True,Active,False,0,2024-07-14,2026-03-28T17:51:09.861946
MZ0476,Farai,Banda,farai.banda476@micrlabs.onmicrosoft.com,Pharmacy,Pharmacist,Harare,-17.8173,31.0953,6,True,True,Active,False,0,2021-08-27,2026-03-28T17:51:09.861975
MZ0477,Nyasha,Mpofu,nyasha.mpofu477@micrlabs.onmicrosoft.com,Pharmacy,Pharmacist,Harare,-17.8234,31.0667,16,False,True,Active,False,0,2022-12-12,2026-03-28T17:51:09.862005
MZ0478,Kudzai,Zimba,kudzai.zimba478@micrlabs.onmicrosoft.com,Pharmacy,Pharmacist,Harare,-17.8657,31.0921,20,False,True,Active,False,0,2024-06-13,2026-03-28T17:51:09.862034
MZ0479,Tsitsi,Dube,tsitsi.dube479@micrlabs.onmicrosoft.com,Pharmacy,Pharmacy Technician,Bulawayo,-20.1501,28.6232,10,True,True,Active,False,0,2022-12-05,2026-03-28T17:51:09.862064
MZ0480,Zanele,Mutasa,zanele.mutasa480@micrlabs.onmicrosoft.com,Pharmacy,Pharmacy Technician,Harare,-17.8016,31.0528,10,False,True,Active,False,0,2024-01-30,2026-03-28T17:51:09.862094
MZ0481,Takudzwa,Tembo,takudzwa.tembo481@micrlabs.onmicrosoft.com,Radiology,Radiographer,Harare,-17.7825,31.0841,11,True,True,Active,False,0,2024-06-10,2026-03-28T17:51:09.862125
MZ0482,Lungelo,Zimba,lungelo.zimba482@micrlabs.onmicrosoft.com,Radiology,Radiologist,Bulawayo,-20.1715,28.6287,7,True,False,Active,False,0,2023-04-29,2026-03-28T17:51:09.862154
MZ0483,Tinashe,Ncube,tinashe.ncube483@micrlabs.onmicrosoft.com,Radiology,Radiologist,Harare,-17.8693,31.0593,17,True,True,Active,False,0,2022-03-05,2026-03-28T17:51:09.862182
MZ0484,Takudzwa,Mpofu,takudzwa.mpofu484@micrlabs.onmicrosoft.com,Radiology,Radiographer,Bulawayo,-20.1754,28.6694,11,True,False,Active,False,0,2025-11-05,2026-03-28T17:51:09.862213
MZ0485,Nkosi,Mutasa,nkosi.mutasa485@micrlabs.onmicrosoft.com,Radiology,Radiologist,Bulawayo,-20.0887,28.618,16,False,True,Active,False,0,2022-04-26,2026-03-28T17:51:09.862242
MZ0486,Kudzai,Ncube,kudzai.ncube486@micrlabs.onmicrosoft.com,Radiology,Radiographer,Gweru,-19.4922,29.7883,8,True,True,Active,False,0,2025-09-13,2026-03-28T17:51:09.862271
MZ0487,Tinashe,Phiri,tinashe.phiri487@micrlabs.onmicrosoft.com,Radiology,Radiographer,Bulawayo,-20.1255,28.6712,18,False,True,Active,False,0,2021-11-13,2026-03-28T17:51:09.862301
MZ0488,Sifiso,Gumbo,sifiso.gumbo488@micrlabs.onmicrosoft.com,Radiology,Radiographer,Harare,-17.8,31.0572,15,True,True,Active,False,0,2025-10-09,2026-03-28T17:51:09.862331
MZ0489,Lungelo,Phiri,lungelo.phiri489@micrlabs.onmicrosoft.com,Radiology,Radiographer,Masvingo,-20.0919,30.82,18,False,True,Active,False,0,2022-03-23,2026-03-28T17:51:09.862362
MZ0490,Munyaradzi,Nkomo,munyaradzi.nkomo490@micrlabs.onmicrosoft.com,Radiology,Radiologist,Bulawayo,-20.108,28.6124,19,True,True,Active,False,0,2022-06-05,2026-03-28T17:51:09.862391
MZ0491,Nkosi,Phiri,nkosi.phiri491@micrlabs.onmicrosoft.com,Radiology,Radiologist,Harare,-17.7902,31.0029,12,True,True,Active,False,0,2023-09-05,2026-03-28T17:51:09.862420
MZ0492,Chiedza,Moyo,chiedza.moyo492@micrlabs.onmicrosoft.com,Radiology,Radiographer,Harare,-17.8636,31.0287,12,True,True,Active,False,0,2023-05-26,2026-03-28T17:51:09.862449
MZ0493,Bongani,Tembo,bongani.tembo493@micrlabs.onmicrosoft.com,Radiology,Radiologist,Harare,-17.8467,31.0505,20,False,True,Active,False,0,2023-10-16,2026-03-28T17:51:09.862477
MZ0494,Nkosi,Tembo,nkosi.tembo494@micrlabs.onmicrosoft.com,Radiology,Radiologist,Gweru,-19.4618,29.8447,15,True,True,Active,False,0,2022-08-13,2026-03-28T17:51:09.862507
MZ0495,Tinashe,Tembo,tinashe.tembo495@micrlabs.onmicrosoft.com,Radiology,Radiographer,Bulawayo,-20.1223,28.5775,17,True,True,Active,False,0,2021-04-29,2026-03-28T17:51:09.862536
MZ0496,Takudzwa,Phiri,takudzwa.phiri496@micrlabs.onmicrosoft.com,Radiology,Radiographer,Bulawayo,-20.1672,28.6438,17,False,True,Active,False,0,2023-02-09,2026-03-28T17:51:09.862595
MZ0497,Munyaradzi,Chikwanda,munyaradzi.chikwanda497@micrlabs.onmicrosoft.com,Radiology,Radiologist,Mutare,-19.0059,32.6545,20,True,True,Active,False,0,2021-07-17,2026-03-28T17:51:09.862695
MZ0498,Sibusiso,Zimba,sibusiso.zimba498@micrlabs.onmicrosoft.com,Radiology,Radiographer,Bulawayo,-20.1051,28.5894,9,True,True,Active,False,0,2023-04-30,2026-03-28T17:51:09.864606
MZ0499,Simba,Sithole,simba.sithole499@micrlabs.onmicrosoft.com,Radiology,Radiographer,Masvingo,-20.072,30.807,13,False,True,Active,False,0,2023-10-15,2026-03-28T17:51:09.864645
MZ0500,Tendai,Zimba,tendai.zimba500@micrlabs.onmicrosoft.com,Radiology,Radiologist,Harare,-17.8444,31.0343,5,False,True,Active,False,0,2022-09-12,2026-03-28T17:51:09.864679
